时间单元,频率单元
2,32
2,33
2,34
3,32
3,33
3,34
4,40
4,41
4,42
4,43
4,44
4,45
4,46
4,47
4,48
4,49
5,40
5,41
5,42
5,43
5,44
5,45
5,46
5,47
5,48
5,49
6,40
6,41
6,42
6,43
6,44
6,45
6,46
6,47
6,48
6,49
7,40
7,41
7,42
7,43
7,44
7,45
7,46
7,47
7,48
7,49
8,2
8,3
8,4
8,40
8,41
8,42
8,43
8,44
8,45
8,46
8,47
8,48
8,49
9,2
9,3
9,4
12,32
12,33
12,34
13,32
13,33
13,34
15,78
15,79
15,80
15,81
15,82
15,83
15,84
15,85
15,86
15,87
15,88
15,89
15,90
15,91
15,92
16,78
16,79
16,80
16,81
16,82
16,83
16,84
16,85
16,86
16,87
16,88
16,89
16,90
16,91
16,92
17,78
17,79
17,80
17,81
17,82
17,83
17,84
17,85
17,86
17,87
17,88
17,89
17,90
17,91
17,92
18,2
18,3
18,4
19,2
19,3
19,4
21,5
21,6
21,7
21,8
21,9
21,10
21,11
21,12
21,13
21,14
21,15
21,16
21,17
21,18
21,19
22,5
22,6
22,7
22,8
22,9
22,10
22,11
22,12
22,13
22,14
22,15
22,16
22,17
22,18
22,19
22,32
22,33
22,34
23,5
23,6
23,7
23,8
23,9
23,10
23,11
23,12
23,13
23,14
23,15
23,16
23,17
23,18
23,19
23,32
23,33
23,34
25,53
25,54
25,55
26,53
26,54
26,55
27,57
27,58
27,59
27,60
27,61
27,62
27,63
27,64
27,65
27,66
27,67
27,68
27,69
27,70
27,71
27,75
27,76
27,77
28,2
28,3
28,4
28,57
28,58
28,59
28,60
28,61
28,62
28,63
28,64
28,65
28,66
28,67
28,68
28,69
28,70
28,71
28,75
28,76
28,77
29,2
29,3
29,4
29,20
29,21
29,22
29,57
29,58
29,59
29,60
29,61
29,62
29,63
29,64
29,65
29,66
29,67
29,68
29,69
29,70
29,71
29,75
29,76
29,77
30,20
30,21
30,22
30,57
30,58
30,59
30,60
30,61
30,62
30,63
30,64
30,65
30,66
30,67
30,68
30,69
30,70
30,71
30,75
30,76
30,77
31,20
31,21
31,22
31,54
31,55
31,56
31,57
31,58
31,59
31,60
31,61
31,62
31,63
31,64
31,65
31,66
31,67
31,68
31,69
31,70
31,71
32,20
32,21
32,22
32,32
32,33
32,34
32,54
32,55
32,56
32,57
32,58
32,59
32,60
32,61
32,62
32,63
32,64
32,65
32,66
32,67
32,68
32,69
32,70
32,71
33,32
33,33
33,34
33,54
33,55
33,56
34,54
34,55
34,56
35,53
35,54
35,55
36,53
36,54
36,55
37,75
37,76
37,77
38,2
38,3
38,4
38,75
38,76
38,77
39,2
39,3
39,4
39,20
39,21
39,22
39,75
39,76
39,77
39,80
39,81
39,82
39,83
39,84
39,85
39,86
39,87
39,88
39,89
40,20
40,21
40,22
40,75
40,76
40,77
40,80
40,81
40,82
40,83
40,84
40,85
40,86
40,87
40,88
40,89
40,93
40,94
40,95
41,20
41,21
41,22
41,54
41,55
41,56
41,80
41,81
41,82
41,83
41,84
41,85
41,86
41,87
41,88
41,89
41,93
41,94
41,95
42,20
42,21
42,22
42,32
42,33
42,34
42,54
42,55
42,56
42,80
42,81
42,82
42,83
42,84
42,85
42,86
42,87
42,88
42,89
43,32
43,33
43,34
43,54
43,55
43,56
43,80
43,81
43,82
43,83
43,84
43,85
43,86
43,87
43,88
43,89
44,54
44,55
44,56
45,5
45,6
45,7
45,8
45,9
45,10
45,11
45,12
45,13
45,14
45,30
45,31
45,32
45,33
45,34
45,35
45,36
45,37
45,38
45,39
45,40
45,41
45,42
45,43
45,44
45,53
45,54
45,55
46,5
46,6
46,7
46,8
46,9
46,10
46,11
46,12
46,13
46,14
46,30
46,31
46,32
46,33
46,34
46,35
46,36
46,37
46,38
46,39
46,40
46,41
46,42
46,43
46,44
46,53
46,54
46,55
47,5
47,6
47,7
47,8
47,9
47,10
47,11
47,12
47,13
47,14
47,30
47,31
47,32
47,33
47,34
47,35
47,36
47,37
47,38
47,39
47,40
47,41
47,42
47,43
47,44
47,75
47,76
47,77
48,2
48,3
48,4
48,5
48,6
48,7
48,8
48,9
48,10
48,11
48,12
48,13
48,14
48,75
48,76
48,77
49,2
49,3
49,4
49,5
49,6
49,7
49,8
49,9
49,10
49,11
49,12
49,13
49,14
49,20
49,21
49,22
49,75
49,76
49,77
50,20
50,21
50,22
50,75
50,76
50,77
50,93
50,94
50,95
51,20
51,21
51,22
51,54
51,55
51,56
51,93
51,94
51,95
52,20
52,21
52,22
52,32
52,33
52,34
52,54
52,55
52,56
53,32
53,33
53,34
53,54
53,55
53,56
54,54
54,55
54,56
55,53
55,54
55,55
56,53
56,54
56,55
57,75
57,76
57,77
58,2
58,3
58,4
58,75
58,76
58,77
58,78
58,79
58,80
58,81
58,82
58,83
58,84
58,85
58,86
58,87
58,88
58,89
58,90
58,91
58,92
59,2
59,3
59,4
59,5
59,6
59,7
59,8
59,9
59,10
59,11
59,12
59,13
59,14
59,15
59,16
59,17
59,18
59,19
59,20
59,21
59,22
59,75
59,76
59,77
59,78
59,79
59,80
59,81
59,82
59,83
59,84
59,85
59,86
59,87
59,88
59,89
59,90
59,91
59,92
60,5
60,6
60,7
60,8
60,9
60,10
60,11
60,12
60,13
60,14
60,15
60,16
60,17
60,18
60,19
60,20
60,21
60,22
60,75
60,76
60,77
60,78
60,79
60,80
60,81
60,82
60,83
60,84
60,85
60,86
60,87
60,88
60,89
60,90
60,91
60,92
60,93
60,94
60,95
61,5
61,6
61,7
61,8
61,9
61,10
61,11
61,12
61,13
61,14
61,15
61,16
61,17
61,18
61,19
61,20
61,21
61,22
61,54
61,55
61,56
61,93
61,94
61,95
62,20
62,21
62,22
62,32
62,33
62,34
62,54
62,55
62,56
62,57
62,58
62,59
62,60
62,61
62,62
62,63
62,64
62,65
62,66
62,67
62,68
62,69
62,70
62,71
63,32
63,33
63,34
63,54
63,55
63,56
63,57
63,58
63,59
63,60
63,61
63,62
63,63
63,64
63,65
63,66
63,67
63,68
63,69
63,70
63,71
64,2
64,3
64,4
64,5
64,6
64,7
64,8
64,9
64,10
64,11
64,12
64,13
64,14
64,15
64,16
64,17
64,18
64,19
64,54
64,55
64,56
64,57
64,58
64,59
64,60
64,61
64,62
64,63
64,64
64,65
64,66
64,67
64,68
64,69
64,70
64,71
65,2
65,3
65,4
65,5
65,6
65,7
65,8
65,9
65,10
65,11
65,12
65,13
65,14
65,15
65,16
65,17
65,18
65,19
65,53
65,54
65,55
65,93
65,94
65,95
66,5
66,6
66,7
66,8
66,9
66,10
66,11
66,12
66,13
66,14
66,15
66,16
66,17
66,18
66,19
66,53
66,54
66,55
66,93
66,94
66,95
67,75
67,76
67,77
68,2
68,3
68,4
68,75
68,76
68,77
69,2
69,3
69,4
69,20
69,21
69,22
69,40
69,41
69,42
69,43
69,44
69,45
69,46
69,47
69,48
69,49
69,75
69,76
69,77
70,20
70,21
70,22
70,40
70,41
70,42
70,43
70,44
70,45
70,46
70,47
70,48
70,49
70,57
70,58
70,59
70,60
70,61
70,62
70,63
70,64
70,65
70,66
70,67
70,68
70,69
70,70
70,71
70,75
70,76
70,77
70,93
70,94
70,95
71,20
71,21
71,22
71,40
71,41
71,42
71,43
71,44
71,45
71,46
71,47
71,48
71,49
71,54
71,55
71,56
71,57
71,58
71,59
71,60
71,61
71,62
71,63
71,64
71,65
71,66
71,67
71,68
71,69
71,70
71,71
71,93
71,94
71,95
72,20
72,21
72,22
72,32
72,33
72,34
72,40
72,41
72,42
72,43
72,44
72,45
72,46
72,47
72,48
72,49
72,54
72,55
72,56
72,57
72,58
72,59
72,60
72,61
72,62
72,63
72,64
72,65
72,66
72,67
72,68
72,69
72,70
72,71
73,32
73,33
73,34
73,40
73,41
73,42
73,43
73,44
73,45
73,46
73,47
73,48
73,49
73,54
73,55
73,56
73,57
73,58
73,59
73,60
73,61
73,62
73,63
73,64
73,65
73,66
73,67
73,68
73,69
73,70
73,71
74,2
74,3
74,4
74,54
74,55
74,56
74,57
74,58
74,59
74,60
74,61
74,62
74,63
74,64
74,65
74,66
74,67
74,68
74,69
74,70
74,71
75,2
75,3
75,4
75,30
75,31
75,32
75,33
75,34
75,35
75,36
75,37
75,38
75,39
75,53
75,54
75,55
75,57
75,58
75,59
75,60
75,61
75,62
75,63
75,64
75,65
75,66
75,67
75,68
75,69
75,70
75,71
75,75
75,76
75,77
75,93
75,94
75,95
76,30
76,31
76,32
76,33
76,34
76,35
76,36
76,37
76,38
76,39
76,53
76,54
76,55
76,75
76,76
76,77
76,93
76,94
76,95
77,30
77,31
77,32
77,33
77,34
77,35
77,36
77,37
77,38
77,39
77,75
77,76
77,77
78,2
78,3
78,4
78,30
78,31
78,32
78,33
78,34
78,35
78,36
78,37
78,38
78,39
78,75
78,76
78,77
79,2
79,3
79,4
79,20
79,21
79,22
79,30
79,31
79,32
79,33
79,34
79,35
79,36
79,37
79,38
79,39
79,75
79,76
79,77
80,20
80,21
80,22
80,75
80,76
80,77
80,93
80,94
80,95
80,96
80,97
80,98
81,20
81,21
81,22
81,54
81,55
81,56
81,93
81,94
81,95
81,96
81,97
81,98
82,20
82,21
82,22
82,32
82,33
82,34
82,54
82,55
82,56
83,32
83,33
83,34
83,54
83,55
83,56
84,2
84,3
84,4
84,54
84,55
84,56
85,2
85,3
85,4
85,35
85,36
85,37
85,38
85,39
85,40
85,41
85,42
85,43
85,44
85,45
85,46
85,47
85,48
85,49
85,53
85,54
85,55
85,75
85,76
85,77
85,93
85,94
85,95
86,2
86,3
86,4
86,35
86,36
86,37
86,38
86,39
86,40
86,41
86,42
86,43
86,44
86,45
86,46
86,47
86,48
86,49
86,53
86,54
86,55
86,75
86,76
86,77
86,93
86,94
86,95
87,2
87,3
87,4
87,35
87,36
87,37
87,38
87,39
87,40
87,41
87,42
87,43
87,44
87,45
87,46
87,47
87,48
87,49
87,75
87,76
87,77
88,2
88,3
88,4
88,30
88,31
88,32
88,33
88,34
88,35
88,36
88,37
88,38
88,39
88,40
88,41
88,42
88,43
88,44
88,50
88,51
88,52
88,75
88,76
88,77
89,2
89,3
89,4
89,20
89,21
89,22
89,30
89,31
89,32
89,33
89,34
89,35
89,36
89,37
89,38
89,39
89,40
89,41
89,42
89,43
89,44
89,50
89,51
89,52
89,75
89,76
89,77
90,20
90,21
90,22
90,30
90,31
90,32
90,33
90,34
90,35
90,36
90,37
90,38
90,39
90,40
90,41
90,42
90,43
90,44
90,75
90,76
90,77
90,93
90,94
90,95
90,96
90,97
90,98
91,20
91,21
91,22
91,54
91,55
91,56
91,93
91,94
91,95
91,96
91,97
91,98
92,20
92,21
92,22
92,32
92,33
92,34
92,54
92,55
92,56
92,72
92,73
92,74
93,32
93,33
93,34
93,54
93,55
93,56
93,72
93,73
93,74
94,2
94,3
94,4
94,54
94,55
94,56
95,2
95,3
95,4
95,27
95,28
95,29
95,53
95,54
95,55
95,75
95,76
95,77
95,78
95,79
95,80
95,81
95,82
95,83
95,84
95,85
95,86
95,87
95,88
95,89
95,90
95,91
95,92
95,93
95,94
95,95
96,2
96,3
96,4
96,27
96,28
96,29
96,53
96,54
96,55
96,75
96,76
96,77
96,78
96,79
96,80
96,81
96,82
96,83
96,84
96,85
96,86
96,87
96,88
96,89
96,90
96,91
96,92
96,93
96,94
96,95
97,2
97,3
97,4
97,75
97,76
97,77
97,78
97,79
97,80
97,81
97,82
97,83
97,84
97,85
97,86
97,87
97,88
97,89
97,90
97,91
97,92
98,2
98,3
98,4
98,50
98,51
98,52
98,75
98,76
98,77
99,2
99,3
99,4
99,20
99,21
99,22
99,50
99,51
99,52
99,75
99,76
99,77
100,20
100,21
100,22
100,35
100,36
100,37
100,38
100,39
100,40
100,41
100,42
100,43
100,44
100,75
100,76
100,77
100,93
100,94
100,95
100,96
100,97
100,98
101,20
101,21
101,22
101,35
101,36
101,37
101,38
101,39
101,40
101,41
101,42
101,43
101,44
101,54
101,55
101,56
101,78
101,79
101,80
101,81
101,82
101,83
101,84
101,85
101,86
101,87
101,88
101,89
101,90
101,91
101,92
101,93
101,94
101,95
101,96
101,97
101,98
102,5
102,6
102,7
102,8
102,9
102,10
102,11
102,12
102,13
102,14
102,15
102,16
102,17
102,18
102,19
102,20
102,21
102,22
102,32
102,33
102,34
102,35
102,36
102,37
102,38
102,39
102,40
102,41
102,42
102,43
102,44
102,54
102,55
102,56
102,72
102,73
102,74
102,78
102,79
102,80
102,81
102,82
102,83
102,84
102,85
102,86
102,87
102,88
102,89
102,90
102,91
102,92
103,5
103,6
103,7
103,8
103,9
103,10
103,11
103,12
103,13
103,14
103,15
103,16
103,17
103,18
103,19
103,20
103,21
103,22
103,32
103,33
103,34
103,35
103,36
103,37
103,38
103,39
103,40
103,41
103,42
103,43
103,44
103,54
103,55
103,56
103,72
103,73
103,74
103,78
103,79
103,80
103,81
103,82
103,83
103,84
103,85
103,86
103,87
103,88
103,89
103,90
103,91
103,92
104,2
104,3
104,4
104,5
104,6
104,7
104,8
104,9
104,10
104,11
104,12
104,13
104,14
104,15
104,16
104,17
104,18
104,19
104,20
104,21
104,22
104,35
104,36
104,37
104,38
104,39
104,40
104,41
104,42
104,43
104,44
104,54
104,55
104,56
104,80
104,81
104,82
104,83
104,84
104,85
104,86
104,87
104,88
104,89
105,2
105,3
105,4
105,27
105,28
105,29
105,53
105,54
105,55
105,57
105,58
105,59
105,60
105,61
105,62
105,63
105,64
105,65
105,66
105,67
105,68
105,69
105,70
105,71
105,75
105,76
105,77
105,80
105,81
105,82
105,83
105,84
105,85
105,86
105,87
105,88
105,89
105,93
105,94
105,95
106,2
106,3
106,4
106,27
106,28
106,29
106,53
106,54
106,55
106,57
106,58
106,59
106,60
106,61
106,62
106,63
106,64
106,65
106,66
106,67
106,68
106,69
106,70
106,71
106,75
106,76
106,77
106,80
106,81
106,82
106,83
106,84
106,85
106,86
106,87
106,88
106,89
106,93
106,94
106,95
107,2
107,3
107,4
107,5
107,6
107,7
107,8
107,9
107,10
107,11
107,12
107,13
107,14
107,15
107,16
107,17
107,18
107,19
107,57
107,58
107,59
107,60
107,61
107,62
107,63
107,64
107,65
107,66
107,67
107,68
107,69
107,70
107,71
107,75
107,76
107,77
107,80
107,81
107,82
107,83
107,84
107,85
107,86
107,87
107,88
107,89
108,2
108,3
108,4
108,5
108,6
108,7
108,8
108,9
108,10
108,11
108,12
108,13
108,14
108,15
108,16
108,17
108,18
108,19
108,50
108,51
108,52
108,75
108,76
108,77
108,80
108,81
108,82
108,83
108,84
108,85
108,86
108,87
108,88
108,89
109,2
109,3
109,4
109,5
109,6
109,7
109,8
109,9
109,10
109,11
109,12
109,13
109,14
109,15
109,16
109,17
109,18
109,19
109,20
109,21
109,22
109,50
109,51
109,52
109,75
109,76
109,77
110,5
110,6
110,7
110,8
110,9
110,10
110,11
110,12
110,13
110,14
110,20
110,21
110,22
110,75
110,76
110,77
110,93
110,94
110,95
110,96
110,97
110,98
111,5
111,6
111,7
111,8
111,9
111,10
111,11
111,12
111,13
111,14
111,20
111,21
111,22
111,54
111,55
111,56
111,93
111,94
111,95
111,96
111,97
111,98
112,5
112,6
112,7
112,8
112,9
112,10
112,11
112,12
112,13
112,14
112,20
112,21
112,22
112,32
112,33
112,34
112,54
112,55
112,56
112,72
112,73
112,74
113,5
113,6
113,7
113,8
113,9
113,10
113,11
113,12
113,13
113,14
113,20
113,21
113,22
113,32
113,33
113,34
113,54
113,55
113,56
113,57
113,58
113,59
113,60
113,61
113,62
113,63
113,64
113,65
113,66
113,67
113,68
113,69
113,70
113,71
113,72
113,73
113,74
114,2
114,3
114,4
114,5
114,6
114,7
114,8
114,9
114,10
114,11
114,12
114,13
114,14
114,20
114,21
114,22
114,50
114,51
114,52
114,54
114,55
114,56
114,57
114,58
114,59
114,60
114,61
114,62
114,63
114,64
114,65
114,66
114,67
114,68
114,69
114,70
114,71
115,2
115,3
115,4
115,27
115,28
115,29
115,50
115,51
115,52
115,53
115,54
115,55
115,57
115,58
115,59
115,60
115,61
115,62
115,63
115,64
115,65
115,66
115,67
115,68
115,69
115,70
115,71
115,75
115,76
115,77
115,93
115,94
115,95
116,2
116,3
116,4
116,27
116,28
116,29
116,53
116,54
116,55
116,57
116,58
116,59
116,60
116,61
116,62
116,63
116,64
116,65
116,66
116,67
116,68
116,69
116,70
116,71
116,75
116,76
116,77
116,93
116,94
116,95
117,2
117,3
117,4
117,57
117,58
117,59
117,60
117,61
117,62
117,63
117,64
117,65
117,66
117,67
117,68
117,69
117,70
117,71
117,75
117,76
117,77
118,2
118,3
118,4
118,50
118,51
118,52
118,57
118,58
118,59
118,60
118,61
118,62
118,63
118,64
118,65
118,66
118,67
118,68
118,69
118,70
118,71
118,75
118,76
118,77
119,2
119,3
119,4
119,20
119,21
119,22
119,50
119,51
119,52
119,75
119,76
119,77
120,20
120,21
120,22
120,75
120,76
120,77
120,93
120,94
120,95
120,96
120,97
120,98
121,20
121,21
121,22
121,54
121,55
121,56
121,93
121,94
121,95
121,96
121,97
121,98
122,2
122,3
122,4
122,20
122,21
122,22
122,54
122,55
122,56
122,72
122,73
122,74
123,2
123,3
123,4
123,20
123,21
123,22
123,54
123,55
123,56
123,72
123,73
123,74
124,2
124,3
124,4
124,5
124,6
124,7
124,8
124,9
124,10
124,11
124,12
124,13
124,14
124,15
124,16
124,17
124,18
124,19
124,20
124,21
124,22
124,50
124,51
124,52
124,54
124,55
124,56
125,2
125,3
125,4
125,5
125,6
125,7
125,8
125,9
125,10
125,11
125,12
125,13
125,14
125,15
125,16
125,17
125,18
125,19
125,27
125,28
125,29
125,50
125,51
125,52
125,53
125,54
125,55
125,75
125,76
125,77
125,93
125,94
125,95
125,96
125,97
125,98
126,2
126,3
126,4
126,5
126,6
126,7
126,8
126,9
126,10
126,11
126,12
126,13
126,14
126,15
126,16
126,17
126,18
126,19
126,27
126,28
126,29
126,53
126,54
126,55
126,75
126,76
126,77
126,93
126,94
126,95
126,96
126,97
126,98
127,2
127,3
127,4
127,75
127,76
127,77
128,35
128,36
128,37
128,38
128,39
128,40
128,41
128,42
128,43
128,44
128,45
128,46
128,47
128,48
128,49
128,50
128,51
128,52
128,54
128,55
128,56
128,75
128,76
128,77
129,20
129,21
129,22
129,35
129,36
129,37
129,38
129,39
129,40
129,41
129,42
129,43
129,44
129,45
129,46
129,47
129,48
129,49
129,50
129,51
129,52
129,54
129,55
129,56
129,60
129,61
129,62
129,63
129,64
129,65
129,66
129,67
129,68
129,69
129,75
129,76
129,77
130,20
130,21
130,22
130,35
130,36
130,37
130,38
130,39
130,40
130,41
130,42
130,43
130,44
130,45
130,46
130,47
130,48
130,49
130,60
130,61
130,62
130,63
130,64
130,65
130,66
130,67
130,68
130,69
130,75
130,76
130,77
130,93
130,94
130,95
130,96
130,97
130,98
131,20
131,21
131,22
131,30
131,31
131,32
131,33
131,34
131,35
131,36
131,37
131,38
131,39
131,40
131,41
131,42
131,43
131,44
131,54
131,55
131,56
131,60
131,61
131,62
131,63
131,64
131,65
131,66
131,67
131,68
131,69
131,93
131,94
131,95
131,96
131,97
131,98
132,2
132,3
132,4
132,20
132,21
132,22
132,30
132,31
132,32
132,33
132,34
132,35
132,36
132,37
132,38
132,39
132,40
132,41
132,42
132,43
132,44
132,54
132,55
132,56
132,60
132,61
132,62
132,63
132,64
132,65
132,66
132,67
132,68
132,69
132,72
132,73
132,74
133,2
133,3
133,4
133,11
133,12
133,13
133,20
133,21
133,22
133,30
133,31
133,32
133,33
133,34
133,35
133,36
133,37
133,38
133,39
133,40
133,41
133,42
133,43
133,44
133,54
133,55
133,56
133,60
133,61
133,62
133,63
133,64
133,65
133,66
133,67
133,68
133,69
133,72
133,73
133,74
134,2
134,3
134,4
134,11
134,12
134,13
134,20
134,21
134,22
134,40
134,41
134,42
134,43
134,44
134,45
134,46
134,47
134,48
134,49
134,50
134,51
134,52
134,54
134,55
134,56
135,2
135,3
135,4
135,27
135,28
135,29
135,40
135,41
135,42
135,43
135,44
135,45
135,46
135,47
135,48
135,49
135,50
135,51
135,52
135,53
135,54
135,55
135,75
135,76
135,77
135,93
135,94
135,95
135,96
135,97
135,98
136,2
136,3
136,4
136,27
136,28
136,29
136,40
136,41
136,42
136,43
136,44
136,45
136,46
136,47
136,48
136,49
136,53
136,54
136,55
136,75
136,76
136,77
136,93
136,94
136,95
136,96
136,97
136,98
137,2
137,3
137,4
137,40
137,41
137,42
137,43
137,44
137,45
137,46
137,47
137,48
137,49
137,75
137,76
137,77
138,40
138,41
138,42
138,43
138,44
138,45
138,46
138,47
138,48
138,49
138,50
138,51
138,52
138,54
138,55
138,56
138,75
138,76
138,77
138,78
138,79
138,80
138,81
138,82
138,83
138,84
138,85
138,86
138,87
138,88
138,89
138,90
138,91
138,92
139,20
139,21
139,22
139,50
139,51
139,52
139,54
139,55
139,56
139,75
139,76
139,77
139,78
139,79
139,80
139,81
139,82
139,83
139,84
139,85
139,86
139,87
139,88
139,89
139,90
139,91
139,92
140,20
140,21
140,22
140,30
140,31
140,32
140,33
140,34
140,35
140,36
140,37
140,38
140,39
140,75
140,76
140,77
140,78
140,79
140,80
140,81
140,82
140,83
140,84
140,85
140,86
140,87
140,88
140,89
140,90
140,91
140,92
140,93
140,94
140,95
140,96
140,97
140,98
141,20
141,21
141,22
141,30
141,31
141,32
141,33
141,34
141,35
141,36
141,37
141,38
141,39
141,54
141,55
141,56
141,93
141,94
141,95
141,96
141,97
141,98
142,2
142,3
142,4
142,20
142,21
142,22
142,30
142,31
142,32
142,33
142,34
142,35
142,36
142,37
142,38
142,39
142,54
142,55
142,56
142,72
142,73
142,74
143,2
143,3
143,4
143,11
143,12
143,13
143,20
143,21
143,22
143,30
143,31
143,32
143,33
143,34
143,35
143,36
143,37
143,38
143,39
143,54
143,55
143,56
143,72
143,73
143,74
144,2
144,3
144,4
144,11
144,12
144,13
144,20
144,21
144,22
144,30
144,31
144,32
144,33
144,34
144,35
144,36
144,37
144,38
144,39
144,50
144,51
144,52
144,54
144,55
144,56
144,78
144,79
144,80
144,81
144,82
144,83
144,84
144,85
144,86
144,87
144,88
144,89
144,90
144,91
144,92
145,2
145,3
145,4
145,5
145,6
145,7
145,8
145,9
145,10
145,11
145,12
145,13
145,14
145,15
145,16
145,17
145,18
145,19
145,27
145,28
145,29
145,50
145,51
145,52
145,75
145,76
145,77
145,78
145,79
145,80
145,81
145,82
145,83
145,84
145,85
145,86
145,87
145,88
145,89
145,90
145,91
145,92
145,93
145,94
145,95
145,96
145,97
145,98
146,2
146,3
146,4
146,5
146,6
146,7
146,8
146,9
146,10
146,11
146,12
146,13
146,14
146,15
146,16
146,17
146,18
146,19
146,27
146,28
146,29
146,75
146,76
146,77
146,78
146,79
146,80
146,81
146,82
146,83
146,84
146,85
146,86
146,87
146,88
146,89
146,90
146,91
146,92
146,93
146,94
146,95
146,96
146,97
146,98
147,2
147,3
147,4
147,5
147,6
147,7
147,8
147,9
147,10
147,11
147,12
147,13
147,14
147,15
147,16
147,17
147,18
147,19
147,46
147,47
147,48
147,93
147,94
147,95
148,46
148,47
148,48
148,50
148,51
148,52
148,54
148,55
148,56
148,57
148,58
148,59
148,60
148,61
148,62
148,63
148,64
148,65
148,66
148,67
148,68
148,69
148,70
148,71
148,93
148,94
148,95
149,50
149,51
149,52
149,54
149,55
149,56
149,57
149,58
149,59
149,60
149,61
149,62
149,63
149,64
149,65
149,66
149,67
149,68
149,69
149,70
149,71
150,5
150,6
150,7
150,8
150,9
150,10
150,11
150,12
150,13
150,14
150,15
150,16
150,17
150,18
150,19
150,52
150,53
150,54
150,57
150,58
150,59
150,60
150,61
150,62
150,63
150,64
150,65
150,66
150,67
150,68
150,69
150,70
150,71
150,93
150,94
150,95
150,96
150,97
150,98
151,5
151,6
151,7
151,8
151,9
151,10
151,11
151,12
151,13
151,14
151,15
151,16
151,17
151,18
151,19
151,52
151,53
151,54
151,93
151,94
151,95
151,96
151,97
151,98
152,2
152,3
152,4
152,5
152,6
152,7
152,8
152,9
152,10
152,11
152,12
152,13
152,14
152,15
152,16
152,17
152,18
152,19
152,72
152,73
152,74
153,2
153,3
153,4
153,11
153,12
153,13
153,20
153,21
153,22
153,72
153,73
153,74
154,2
154,3
154,4
154,11
154,12
154,13
154,20
154,21
154,22
154,50
154,51
154,52
155,2
155,3
155,4
155,27
155,28
155,29
155,50
155,51
155,52
155,75
155,76
155,77
155,78
155,79
155,80
155,81
155,82
155,83
155,84
155,85
155,86
155,87
155,88
155,89
155,90
155,91
155,92
155,93
155,94
155,95
155,96
155,97
155,98
156,2
156,3
156,4
156,27
156,28
156,29
156,57
156,58
156,59
156,60
156,61
156,62
156,63
156,64
156,65
156,66
156,67
156,68
156,69
156,70
156,71
156,75
156,76
156,77
156,78
156,79
156,80
156,81
156,82
156,83
156,84
156,85
156,86
156,87
156,88
156,89
156,90
156,91
156,92
156,93
156,94
156,95
156,96
156,97
156,98
157,2
157,3
157,4
157,46
157,47
157,48
157,57
157,58
157,59
157,60
157,61
157,62
157,63
157,64
157,65
157,66
157,67
157,68
157,69
157,70
157,71
157,78
157,79
157,80
157,81
157,82
157,83
157,84
157,85
157,86
157,87
157,88
157,89
157,90
157,91
157,92
157,93
157,94
157,95
158,46
158,47
158,48
158,50
158,51
158,52
158,54
158,55
158,56
158,57
158,58
158,59
158,60
158,61
158,62
158,63
158,64
158,65
158,66
158,67
158,68
158,69
158,70
158,71
158,93
158,94
158,95
159,50
159,51
159,52
159,54
159,55
159,56
159,57
159,58
159,59
159,60
159,61
159,62
159,63
159,64
159,65
159,66
159,67
159,68
159,69
159,70
159,71
160,52
160,53
160,54
160,57
160,58
160,59
160,60
160,61
160,62
160,63
160,64
160,65
160,66
160,67
160,68
160,69
160,70
160,71
160,96
160,97
160,98
161,52
161,53
161,54
161,57
161,58
161,59
161,60
161,61
161,62
161,63
161,64
161,65
161,66
161,67
161,68
161,69
161,70
161,71
161,96
161,97
161,98
162,2
162,3
162,4
162,72
162,73
162,74
163,2
163,3
163,4
163,11
163,12
163,13
163,20
163,21
163,22
163,72
163,73
163,74
164,2
164,3
164,4
164,11
164,12
164,13
164,20
164,21
164,22
164,50
164,51
164,52
165,2
165,3
165,4
165,27
165,28
165,29
165,35
165,36
165,37
165,38
165,39
165,40
165,41
165,42
165,43
165,44
165,50
165,51
165,52
165,75
165,76
165,77
165,93
165,94
165,95
165,96
165,97
165,98
166,2
166,3
166,4
166,27
166,28
166,29
166,35
166,36
166,37
166,38
166,39
166,40
166,41
166,42
166,43
166,44
166,75
166,76
166,77
166,93
166,94
166,95
166,96
166,97
166,98
167,2
167,3
167,4
167,5
167,6
167,7
167,8
167,9
167,10
167,11
167,12
167,13
167,14
167,15
167,16
167,17
167,18
167,19
167,35
167,36
167,37
167,38
167,39
167,40
167,41
167,42
167,43
167,44
167,46
167,47
167,48
167,93
167,94
167,95
168,5
168,6
168,7
168,8
168,9
168,10
168,11
168,12
168,13
168,14
168,15
168,16
168,17
168,18
168,19
168,22
168,23
168,24
168,35
168,36
168,37
168,38
168,39
168,40
168,41
168,42
168,43
168,44
168,46
168,47
168,48
168,50
168,51
168,52
168,54
168,55
168,56
168,93
168,94
168,95
169,5
169,6
169,7
169,8
169,9
169,10
169,11
169,12
169,13
169,14
169,15
169,16
169,17
169,18
169,19
169,22
169,23
169,24
169,35
169,36
169,37
169,38
169,39
169,40
169,41
169,42
169,43
169,44
169,50
169,51
169,52
169,54
169,55
169,56
169,80
169,81
169,82
169,83
169,84
169,85
169,86
169,87
169,88
169,89
170,52
170,53
170,54
170,55
170,56
170,57
170,58
170,59
170,60
170,61
170,62
170,63
170,64
170,65
170,66
170,67
170,68
170,69
170,80
170,81
170,82
170,83
170,84
170,85
170,86
170,87
170,88
170,89
170,96
170,97
170,98
171,35
171,36
171,37
171,38
171,39
171,40
171,41
171,42
171,43
171,44
171,45
171,46
171,47
171,48
171,49
171,52
171,53
171,54
171,55
171,56
171,57
171,58
171,59
171,60
171,61
171,62
171,63
171,64
171,65
171,66
171,67
171,68
171,69
171,75
171,76
171,77
171,80
171,81
171,82
171,83
171,84
171,85
171,86
171,87
171,88
171,89
171,96
171,97
171,98
172,2
172,3
172,4
172,35
172,36
172,37
172,38
172,39
172,40
172,41
172,42
172,43
172,44
172,45
172,46
172,47
172,48
172,49
172,55
172,56
172,57
172,58
172,59
172,60
172,61
172,62
172,63
172,64
172,65
172,66
172,67
172,68
172,69
172,72
172,73
172,74
172,75
172,76
172,77
172,80
172,81
172,82
172,83
172,84
172,85
172,86
172,87
172,88
172,89
173,2
173,3
173,4
173,11
173,12
173,13
173,20
173,21
173,22
173,35
173,36
173,37
173,38
173,39
173,40
173,41
173,42
173,43
173,44
173,45
173,46
173,47
173,48
173,49
173,72
173,73
173,74
173,80
173,81
173,82
173,83
173,84
173,85
173,86
173,87
173,88
173,89
174,2
174,3
174,4
174,11
174,12
174,13
174,20
174,21
174,22
174,30
174,31
174,32
174,33
174,34
174,35
174,36
174,37
174,38
174,39
174,40
174,41
174,42
174,43
174,44
174,50
174,51
174,52
175,2
175,3
175,4
175,5
175,6
175,7
175,8
175,9
175,10
175,11
175,12
175,13
175,14
175,27
175,28
175,29
175,30
175,31
175,32
175,33
175,34
175,35
175,36
175,37
175,38
175,39
175,40
175,41
175,42
175,43
175,44
175,50
175,51
175,52
175,65
175,66
175,67
175,68
175,69
175,70
175,71
175,72
175,73
175,74
175,75
175,76
175,77
175,93
175,94
175,95
175,96
175,97
175,98
176,2
176,3
176,4
176,5
176,6
176,7
176,8
176,9
176,10
176,11
176,12
176,13
176,14
176,27
176,28
176,29
176,30
176,31
176,32
176,33
176,34
176,35
176,36
176,37
176,38
176,39
176,40
176,41
176,42
176,43
176,44
176,65
176,66
176,67
176,68
176,69
176,70
176,71
176,72
176,73
176,74
176,75
176,76
176,77
176,93
176,94
176,95
176,96
176,97
176,98
177,2
177,3
177,4
177,5
177,6
177,7
177,8
177,9
177,10
177,11
177,12
177,13
177,14
177,46
177,47
177,48
177,65
177,66
177,67
177,68
177,69
177,70
177,71
177,72
177,73
177,74
177,93
177,94
177,95
178,5
178,6
178,7
178,8
178,9
178,10
178,11
178,12
178,13
178,14
178,22
178,23
178,24
178,46
178,47
178,48
178,50
178,51
178,52
178,54
178,55
178,56
178,65
178,66
178,67
178,68
178,69
178,70
178,71
178,72
178,73
178,74
178,93
178,94
178,95
179,5
179,6
179,7
179,8
179,9
179,10
179,11
179,12
179,13
179,14
179,22
179,23
179,24
179,50
179,51
179,52
179,54
179,55
179,56
179,65
179,66
179,67
179,68
179,69
179,70
179,71
179,72
179,73
179,74
180,35
180,36
180,37
180,38
180,39
180,40
180,41
180,42
180,43
180,44
180,45
180,46
180,47
180,48
180,49
180,52
180,53
180,54
180,96
180,97
180,98
181,35
181,36
181,37
181,38
181,39
181,40
181,41
181,42
181,43
181,44
181,45
181,46
181,47
181,48
181,49
181,52
181,53
181,54
181,75
181,76
181,77
181,78
181,79
181,80
181,81
181,82
181,83
181,84
181,85
181,86
181,87
181,88
181,89
181,90
181,91
181,92
181,96
181,97
181,98
182,2
182,3
182,4
182,35
182,36
182,37
182,38
182,39
182,40
182,41
182,42
182,43
182,44
182,45
182,46
182,47
182,48
182,49
182,72
182,73
182,74
182,75
182,76
182,77
182,78
182,79
182,80
182,81
182,82
182,83
182,84
182,85
182,86
182,87
182,88
182,89
182,90
182,91
182,92
183,2
183,3
183,4
183,11
183,12
183,13
183,20
183,21
183,22
183,72
183,73
183,74
183,78
183,79
183,80
183,81
183,82
183,83
183,84
183,85
183,86
183,87
183,88
183,89
183,90
183,91
183,92
184,11
184,12
184,13
184,20
184,21
184,22
184,30
184,31
184,32
184,33
184,34
184,35
184,36
184,37
184,38
184,39
184,40
184,41
184,42
184,43
184,44
184,50
184,51
184,52
185,22
185,23
185,24
185,27
185,28
185,29
185,30
185,31
185,32
185,33
185,34
185,35
185,36
185,37
185,38
185,39
185,40
185,41
185,42
185,43
185,44
185,50
185,51
185,52
185,75
185,76
185,77
185,96
185,97
185,98
186,2
186,3
186,4
186,22
186,23
186,24
186,27
186,28
186,29
186,30
186,31
186,32
186,33
186,34
186,35
186,36
186,37
186,38
186,39
186,40
186,41
186,42
186,43
186,44
186,75
186,76
186,77
186,82
186,83
186,84
186,85
186,86
186,87
186,88
186,89
186,90
186,91
186,96
186,97
186,98
187,2
187,3
187,4
187,46
187,47
187,48
187,82
187,83
187,84
187,85
187,86
187,87
187,88
187,89
187,90
187,91
187,93
187,94
187,95
188,5
188,6
188,7
188,8
188,9
188,10
188,11
188,12
188,13
188,14
188,15
188,16
188,17
188,18
188,19
188,22
188,23
188,24
188,46
188,47
188,48
188,50
188,51
188,52
188,54
188,55
188,56
188,82
188,83
188,84
188,85
188,86
188,87
188,88
188,89
188,90
188,91
188,93
188,94
188,95
189,5
189,6
189,7
189,8
189,9
189,10
189,11
189,12
189,13
189,14
189,15
189,16
189,17
189,18
189,19
189,22
189,23
189,24
189,50
189,51
189,52
189,54
189,55
189,56
189,82
189,83
189,84
189,85
189,86
189,87
189,88
189,89
189,90
189,91
190,5
190,6
190,7
190,8
190,9
190,10
190,11
190,12
190,13
190,14
190,15
190,16
190,17
190,18
190,19
190,52
190,53
190,54
190,82
190,83
190,84
190,85
190,86
190,87
190,88
190,89
190,90
190,91
190,96
190,97
190,98
191,52
191,53
191,54
191,57
191,58
191,59
191,60
191,61
191,62
191,63
191,64
191,65
191,66
191,67
191,68
191,69
191,70
191,71
191,75
191,76
191,77
191,96
191,97
191,98
192,2
192,3
192,4
192,57
192,58
192,59
192,60
192,61
192,62
192,63
192,64
192,65
192,66
192,67
192,68
192,69
192,70
192,71
192,72
192,73
192,74
192,75
192,76
192,77
193,2
193,3
193,4
193,11
193,12
193,13
193,20
193,21
193,22
193,57
193,58
193,59
193,60
193,61
193,62
193,63
193,64
193,65
193,66
193,67
193,68
193,69
193,70
193,71
193,72
193,73
193,74
194,11
194,12
194,13
194,20
194,21
194,22
194,50
194,51
194,52
194,60
194,61
194,62
194,63
194,64
194,65
194,66
194,67
194,68
194,69
195,22
195,23
195,24
195,27
195,28
195,29
195,50
195,51
195,52
195,60
195,61
195,62
195,63
195,64
195,65
195,66
195,67
195,68
195,69
195,96
195,97
195,98
196,2
196,3
196,4
196,22
196,23
196,24
196,27
196,28
196,29
196,60
196,61
196,62
196,63
196,64
196,65
196,66
196,67
196,68
196,69
196,96
196,97
196,98
197,2
197,3
197,4
197,25
197,26
197,27
197,28
197,29
197,30
197,31
197,32
197,33
197,34
197,35
197,36
197,37
197,38
197,39
197,46
197,47
197,48
197,60
197,61
197,62
197,63
197,64
197,65
197,66
197,67
197,68
197,69
197,93
197,94
197,95
198,2
198,3
198,4
198,16
198,17
198,18
198,22
198,23
198,24
198,25
198,26
198,27
198,28
198,29
198,30
198,31
198,32
198,33
198,34
198,35
198,36
198,37
198,38
198,39
198,46
198,47
198,48
198,50
198,51
198,52
198,54
198,55
198,56
198,60
198,61
198,62
198,63
198,64
198,65
198,66
198,67
198,68
198,69
198,78
198,79
198,80
198,81
198,82
198,83
198,84
198,85
198,86
198,87
198,88
198,89
198,90
198,91
198,92
198,93
198,94
198,95
199,2
199,3
199,4
199,16
199,17
199,18
199,22
199,23
199,24
199,25
199,26
199,27
199,28
199,29
199,30
199,31
199,32
199,33
199,34
199,35
199,36
199,37
199,38
199,39
199,50
199,51
199,52
199,54
199,55
199,56
199,78
199,79
199,80
199,81
199,82
199,83
199,84
199,85
199,86
199,87
199,88
199,89
199,90
199,91
199,92
200,52
200,53
200,54
200,78
200,79
200,80
200,81
200,82
200,83
200,84
200,85
200,86
200,87
200,88
200,89
200,90
200,91
200,92
201,52
201,53
201,54
201,75
201,76
201,77
202,2
202,3
202,4
202,50
202,51
202,52
202,57
202,58
202,59
202,60
202,61
202,62
202,63
202,64
202,65
202,66
202,67
202,68
202,69
202,70
202,71
202,72
202,73
202,74
202,75
202,76
202,77
203,2
203,3
203,4
203,11
203,12
203,13
203,20
203,21
203,22
203,50
203,51
203,52
203,57
203,58
203,59
203,60
203,61
203,62
203,63
203,64
203,65
203,66
203,67
203,68
203,69
203,70
203,71
203,72
203,73
203,74
204,11
204,12
204,13
204,20
204,21
204,22
204,50
204,51
204,52
204,57
204,58
204,59
204,60
204,61
204,62
204,63
204,64
204,65
204,66
204,67
204,68
204,69
204,70
204,71
204,93
204,94
204,95
205,22
205,23
205,24
205,27
205,28
205,29
205,30
205,31
205,32
205,33
205,34
205,35
205,36
205,37
205,38
205,39
205,50
205,51
205,52
205,93
205,94
205,95
205,96
205,97
205,98
206,22
206,23
206,24
206,27
206,28
206,29
206,30
206,31
206,32
206,33
206,34
206,35
206,36
206,37
206,38
206,39
206,96
206,97
206,98
207,30
207,31
207,32
207,33
207,34
207,35
207,36
207,37
207,38
207,39
207,46
207,47
207,48
207,93
207,94
207,95
208,2
208,3
208,4
208,16
208,17
208,18
208,22
208,23
208,24
208,30
208,31
208,32
208,33
208,34
208,35
208,36
208,37
208,38
208,39
208,46
208,47
208,48
208,54
208,55
208,56
208,93
208,94
208,95
209,2
209,3
209,4
209,16
209,17
209,18
209,22
209,23
209,24
209,30
209,31
209,32
209,33
209,34
209,35
209,36
209,37
209,38
209,39
209,54
209,55
209,56
210,5
210,6
210,7
210,8
210,9
210,10
210,11
210,12
210,13
210,14
210,15
210,16
210,17
210,18
210,19
210,52
210,53
210,54
211,5
211,6
211,7
211,8
211,9
211,10
211,11
211,12
211,13
211,14
211,15
211,16
211,17
211,18
211,19
211,25
211,26
211,27
211,28
211,29
211,30
211,31
211,32
211,33
211,34
211,52
211,53
211,54
211,75
211,76
211,77
212,2
212,3
212,4
212,5
212,6
212,7
212,8
212,9
212,10
212,11
212,12
212,13
212,14
212,15
212,16
212,17
212,18
212,19
212,25
212,26
212,27
212,28
212,29
212,30
212,31
212,32
212,33
212,34
212,50
212,51
212,52
212,75
212,76
212,77
213,2
213,3
213,4
213,11
213,12
213,13
213,20
213,21
213,22
213,25
213,26
213,27
213,28
213,29
213,30
213,31
213,32
213,33
213,34
213,50
213,51
213,52
213,55
213,56
213,57
213,58
213,59
213,60
213,61
213,62
213,63
213,64
213,65
213,66
213,67
213,68
213,69
213,75
213,76
213,77
214,11
214,12
214,13
214,20
214,21
214,22
214,25
214,26
214,27
214,28
214,29
214,30
214,31
214,32
214,33
214,34
214,35
214,36
214,37
214,38
214,39
214,40
214,41
214,42
214,43
214,44
214,45
214,46
214,47
214,48
214,49
214,50
214,51
214,52
214,55
214,56
214,57
214,58
214,59
214,60
214,61
214,62
214,63
214,64
214,65
214,66
214,67
214,68
214,69
214,75
214,76
214,77
214,93
214,94
214,95
215,22
215,23
215,24
215,25
215,26
215,27
215,28
215,29
215,30
215,31
215,32
215,33
215,34
215,35
215,36
215,37
215,38
215,39
215,40
215,41
215,42
215,43
215,44
215,45
215,46
215,47
215,48
215,49
215,50
215,51
215,52
215,55
215,56
215,57
215,58
215,59
215,60
215,61
215,62
215,63
215,64
215,65
215,66
215,67
215,68
215,69
215,93
215,94
215,95
215,96
215,97
215,98
216,22
216,23
216,24
216,35
216,36
216,37
216,38
216,39
216,40
216,41
216,42
216,43
216,44
216,45
216,46
216,47
216,48
216,49
216,52
216,53
216,54
216,96
216,97
216,98
217,46
217,47
217,48
217,52
217,53
217,54
217,93
217,94
217,95
218,2
218,3
218,4
218,16
218,17
218,18
218,19
218,20
218,21
218,22
218,23
218,24
218,46
218,47
218,48
218,54
218,55
218,56
218,93
218,94
218,95
219,2
219,3
219,4
219,16
219,17
219,18
219,19
219,20
219,21
219,22
219,23
219,24
219,25
219,26
219,27
219,28
219,29
219,30
219,31
219,32
219,33
219,34
219,35
219,36
219,37
219,38
219,39
219,54
219,55
219,56
220,25
220,26
220,27
220,28
220,29
220,30
220,31
220,32
220,33
220,34
220,35
220,36
220,37
220,38
220,39
220,52
220,53
220,54
221,25
221,26
221,27
221,28
221,29
221,30
221,31
221,32
221,33
221,34
221,35
221,36
221,37
221,38
221,39
221,52
221,53
221,54
221,75
221,76
221,77
222,2
222,3
222,4
222,50
222,51
222,52
222,75
222,76
222,77
222,94
222,95
222,96
223,2
223,3
223,4
223,11
223,12
223,13
223,35
223,36
223,37
223,38
223,39
223,40
223,41
223,42
223,43
223,44
223,45
223,46
223,47
223,48
223,49
223,50
223,51
223,52
223,75
223,76
223,77
223,94
223,95
223,96
224,11
224,12
224,13
224,35
224,36
224,37
224,38
224,39
224,40
224,41
224,42
224,43
224,44
224,45
224,46
224,47
224,48
224,49
224,50
224,51
224,52
224,75
224,76
224,77
224,78
224,79
224,80
224,81
224,82
224,83
224,84
224,85
224,86
224,87
224,88
224,89
224,90
224,91
224,92
224,93
224,94
224,95
225,22
225,23
225,24
225,35
225,36
225,37
225,38
225,39
225,40
225,41
225,42
225,43
225,44
225,45
225,46
225,47
225,48
225,49
225,50
225,51
225,52
225,78
225,79
225,80
225,81
225,82
225,83
225,84
225,85
225,86
225,87
225,88
225,89
225,90
225,91
225,92
225,93
225,94
225,95
225,96
225,97
225,98
226,22
226,23
226,24
226,52
226,53
226,54
226,78
226,79
226,80
226,81
226,82
226,83
226,84
226,85
226,86
226,87
226,88
226,89
226,90
226,91
226,92
226,96
226,97
226,98
227,30
227,31
227,32
227,33
227,34
227,35
227,36
227,37
227,38
227,39
227,40
227,41
227,42
227,43
227,44
227,46
227,47
227,48
227,52
227,53
227,54
227,93
227,94
227,95
228,2
228,3
228,4
228,16
228,17
228,18
228,19
228,20
228,21
228,22
228,23
228,24
228,30
228,31
228,32
228,33
228,34
228,35
228,36
228,37
228,38
228,39
228,40
228,41
228,42
228,43
228,44
228,46
228,47
228,48
228,54
228,55
228,56
228,62
228,63
228,64
228,65
228,66
228,67
228,68
228,69
228,70
228,71
228,93
228,94
228,95
229,2
229,3
229,4
229,16
229,17
229,18
229,19
229,20
229,21
229,22
229,23
229,24
229,30
229,31
229,32
229,33
229,34
229,35
229,36
229,37
229,38
229,39
229,40
229,41
229,42
229,43
229,44
229,54
229,55
229,56
229,62
229,63
229,64
229,65
229,66
229,67
229,68
229,69
229,70
229,71
230,35
230,36
230,37
230,38
230,39
230,40
230,41
230,42
230,43
230,44
230,52
230,53
230,54
230,62
230,63
230,64
230,65
230,66
230,67
230,68
230,69
230,70
230,71
231,35
231,36
231,37
231,38
231,39
231,40
231,41
231,42
231,43
231,44
231,52
231,53
231,54
231,62
231,63
231,64
231,65
231,66
231,67
231,68
231,69
231,70
231,71
231,75
231,76
231,77
232,2
232,3
232,4
232,35
232,36
232,37
232,38
232,39
232,40
232,41
232,42
232,43
232,44
232,50
232,51
232,52
232,62
232,63
232,64
232,65
232,66
232,67
232,68
232,69
232,70
232,71
232,75
232,76
232,77
232,94
232,95
232,96
233,2
233,3
233,4
233,11
233,12
233,13
233,35
233,36
233,37
233,38
233,39
233,40
233,41
233,42
233,43
233,44
233,50
233,51
233,52
233,75
233,76
233,77
233,94
233,95
233,96
234,11
234,12
234,13
234,35
234,36
234,37
234,38
234,39
234,40
234,41
234,42
234,43
234,44
234,75
234,76
234,77
234,93
234,94
234,95
235,22
235,23
235,24
235,78
235,79
235,80
235,81
235,82
235,83
235,84
235,85
235,86
235,87
235,88
235,89
235,90
235,91
235,92
235,93
235,94
235,95
235,96
235,97
235,98
236,22
236,23
236,24
236,52
236,53
236,54
236,78
236,79
236,80
236,81
236,82
236,83
236,84
236,85
236,86
236,87
236,88
236,89
236,90
236,91
236,92
236,96
236,97
236,98
237,46
237,47
237,48
237,52
237,53
237,54
237,78
237,79
237,80
237,81
237,82
237,83
237,84
237,85
237,86
237,87
237,88
237,89
237,90
237,91
237,92
237,93
237,94
237,95
238,2
238,3
238,4
238,16
238,17
238,18
238,19
238,20
238,21
238,22
238,23
238,24
238,46
238,47
238,48
238,54
238,55
238,56
238,93
238,94
238,95
239,2
239,3
239,4
239,16
239,17
239,18
239,19
239,20
239,21
239,22
239,23
239,24
239,54
239,55
239,56
240,25
240,26
240,27
240,28
240,29
240,30
240,31
240,32
240,33
240,34
240,35
240,36
240,37
240,38
240,39
240,52
240,53
240,54
240,65
240,66
240,67
240,68
240,69
240,70
240,71
240,72
240,73
240,74
241,25
241,26
241,27
241,28
241,29
241,30
241,31
241,32
241,33
241,34
241,35
241,36
241,37
241,38
241,39
241,52
241,53
241,54
241,65
241,66
241,67
241,68
241,69
241,70
241,71
241,72
241,73
241,74
241,75
241,76
241,77
241,78
241,79
241,80
241,81
241,82
241,83
241,84
241,85
241,86
241,87
241,88
241,89
241,90
241,91
241,92
242,2
242,3
242,4
242,25
242,26
242,27
242,28
242,29
242,30
242,31
242,32
242,33
242,34
242,35
242,36
242,37
242,38
242,39
242,50
242,51
242,52
242,65
242,66
242,67
242,68
242,69
242,70
242,71
242,72
242,73
242,74
242,75
242,76
242,77
242,78
242,79
242,80
242,81
242,82
242,83
242,84
242,85
242,86
242,87
242,88
242,89
242,90
242,91
242,92
242,94
242,95
242,96
243,2
243,3
243,4
243,11
243,12
243,13
243,50
243,51
243,52
243,65
243,66
243,67
243,68
243,69
243,70
243,71
243,72
243,73
243,74
243,75
243,76
243,77
243,78
243,79
243,80
243,81
243,82
243,83
243,84
243,85
243,86
243,87
243,88
243,89
243,90
243,91
243,92
243,94
243,95
243,96
244,11
244,12
244,13
244,65
244,66
244,67
244,68
244,69
244,70
244,71
244,72
244,73
244,74
244,75
244,76
244,77
244,93
244,94
244,95
245,22
245,23
245,24
245,57
245,58
245,59
245,60
245,61
245,62
245,63
245,64
245,65
245,66
245,67
245,68
245,69
245,70
245,71
245,93
245,94
245,95
246,22
246,23
246,24
246,52
246,53
246,54
246,57
246,58
246,59
246,60
246,61
246,62
246,63
246,64
246,65
246,66
246,67
246,68
246,69
246,70
246,71
246,96
246,97
246,98
247,46
247,47
247,48
247,52
247,53
247,54
247,57
247,58
247,59
247,60
247,61
247,62
247,63
247,64
247,65
247,66
247,67
247,68
247,69
247,70
247,71
247,93
247,94
247,95
247,96
247,97
247,98
248,2
248,3
248,4
248,16
248,17
248,18
248,19
248,20
248,21
248,22
248,23
248,24
248,46
248,47
248,48
248,93
248,94
248,95
249,2
249,3
249,4
249,16
249,17
249,18
249,19
249,20
249,21
249,22
249,23
249,24
250,52
250,53
250,54
250,72
250,73
250,74
251,52
251,53
251,54
251,72
251,73
251,74
251,75
251,76
251,77
251,82
251,83
251,84
251,85
251,86
251,87
251,88
251,89
251,90
251,91
252,2
252,3
252,4
252,50
252,51
252,52
252,72
252,73
252,74
252,75
252,76
252,77
252,82
252,83
252,84
252,85
252,86
252,87
252,88
252,89
252,90
252,91
252,94
252,95
252,96
253,2
253,3
253,4
253,5
253,6
253,7
253,8
253,9
253,10
253,11
253,12
253,13
253,14
253,15
253,16
253,17
253,18
253,19
253,50
253,51
253,52
253,72
253,73
253,74
253,75
253,76
253,77
253,82
253,83
253,84
253,85
253,86
253,87
253,88
253,89
253,90
253,91
253,94
253,95
253,96
254,5
254,6
254,7
254,8
254,9
254,10
254,11
254,12
254,13
254,14
254,15
254,16
254,17
254,18
254,19
254,75
254,76
254,77
254,82
254,83
254,84
254,85
254,86
254,87
254,88
254,89
254,90
254,91
254,93
254,94
254,95
255,5
255,6
255,7
255,8
255,9
255,10
255,11
255,12
255,13
255,14
255,15
255,16
255,17
255,18
255,19
255,22
255,23
255,24
255,82
255,83
255,84
255,85
255,86
255,87
255,88
255,89
255,90
255,91
255,93
255,94
255,95
256,22
256,23
256,24
256,52
256,53
256,54
256,55
256,56
256,57
256,58
256,59
256,60
256,61
256,62
256,63
256,64
256,65
256,66
256,67
256,68
256,69
256,96
256,97
256,98
257,46
257,47
257,48
257,52
257,53
257,54
257,55
257,56
257,57
257,58
257,59
257,60
257,61
257,62
257,63
257,64
257,65
257,66
257,67
257,68
257,69
257,93
257,94
257,95
257,96
257,97
257,98
258,2
258,3
258,4
258,16
258,17
258,18
258,19
258,20
258,21
258,22
258,23
258,24
258,46
258,47
258,48
258,55
258,56
258,57
258,58
258,59
258,60
258,61
258,62
258,63
258,64
258,65
258,66
258,67
258,68
258,69
258,93
258,94
258,95
259,2
259,3
259,4
259,16
259,17
259,18
259,19
259,20
259,21
259,22
259,23
259,24
259,60
259,61
259,62
259,63
259,64
259,65
259,66
259,67
259,68
259,69
260,52
260,53
260,54
260,60
260,61
260,62
260,63
260,64
260,65
260,66
260,67
260,68
260,69
260,72
260,73
260,74
261,52
261,53
261,54
261,60
261,61
261,62
261,63
261,64
261,65
261,66
261,67
261,68
261,69
261,72
261,73
261,74
261,75
261,76
261,77
262,2
262,3
262,4
262,25
262,26
262,27
262,28
262,29
262,30
262,31
262,32
262,33
262,34
262,35
262,36
262,37
262,38
262,39
262,50
262,51
262,52
262,60
262,61
262,62
262,63
262,64
262,65
262,66
262,67
262,68
262,69
262,72
262,73
262,74
262,75
262,76
262,77
262,94
262,95
262,96
263,2
263,3
263,4
263,16
263,17
263,18
263,25
263,26
263,27
263,28
263,29
263,30
263,31
263,32
263,33
263,34
263,35
263,36
263,37
263,38
263,39
263,50
263,51
263,52
263,60
263,61
263,62
263,63
263,64
263,65
263,66
263,67
263,68
263,69
263,72
263,73
263,74
263,75
263,76
263,77
263,94
263,95
263,96
264,16
264,17
264,18
264,25
264,26
264,27
264,28
264,29
264,30
264,31
264,32
264,33
264,34
264,35
264,36
264,37
264,38
264,39
264,46
264,47
264,48
264,75
264,76
264,77
264,93
264,94
264,95
265,22
265,23
265,24
265,25
265,26
265,27
265,28
265,29
265,30
265,31
265,32
265,33
265,34
265,46
265,47
265,48
265,93
265,94
265,95
266,22
266,23
266,24
266,25
266,26
266,27
266,28
266,29
266,30
266,31
266,32
266,33
266,34
266,35
266,36
266,37
266,38
266,39
266,40
266,41
266,42
266,43
266,44
266,45
266,46
266,47
266,48
266,49
266,52
266,53
266,54
266,96
266,97
266,98
267,25
267,26
267,27
267,28
267,29
267,30
267,31
267,32
267,33
267,34
267,35
267,36
267,37
267,38
267,39
267,40
267,41
267,42
267,43
267,44
267,45
267,46
267,47
267,48
267,49
267,52
267,53
267,54
267,96
267,97
267,98
268,2
268,3
268,4
268,16
268,17
268,18
268,19
268,20
268,21
268,22
268,23
268,24
268,25
268,26
268,27
268,28
268,29
268,30
268,31
268,32
268,33
268,34
268,35
268,36
268,37
268,38
268,39
268,40
268,41
268,42
268,43
268,44
268,45
268,46
268,47
268,48
268,49
268,94
268,95
268,96
269,2
269,3
269,4
269,16
269,17
269,18
269,19
269,20
269,21
269,22
269,23
269,24
269,25
269,26
269,27
269,28
269,29
269,30
269,31
269,32
269,33
269,34
269,94
269,95
269,96
270,22
270,23
270,24
270,30
270,31
270,32
270,33
270,34
270,35
270,36
270,37
270,38
270,39
270,40
270,41
270,42
270,43
270,44
270,72
270,73
270,74
271,22
271,23
271,24
271,30
271,31
271,32
271,33
271,34
271,35
271,36
271,37
271,38
271,39
271,40
271,41
271,42
271,43
271,44
271,72
271,73
271,74
271,75
271,76
271,77
272,2
272,3
272,4
272,30
272,31
272,32
272,33
272,34
272,35
272,36
272,37
272,38
272,39
272,40
272,41
272,42
272,43
272,44
272,47
272,48
272,49
272,50
272,51
272,52
272,60
272,61
272,62
272,63
272,64
272,65
272,66
272,67
272,68
272,69
272,72
272,73
272,74
272,75
272,76
272,77
272,94
272,95
272,96
273,2
273,3
273,4
273,16
273,17
273,18
273,47
273,48
273,49
273,50
273,51
273,52
273,60
273,61
273,62
273,63
273,64
273,65
273,66
273,67
273,68
273,69
273,72
273,73
273,74
273,75
273,76
273,77
273,94
273,95
273,96
274,16
274,17
274,18
274,46
274,47
274,48
274,60
274,61
274,62
274,63
274,64
274,65
274,66
274,67
274,68
274,69
274,75
274,76
274,77
274,93
274,94
274,95
275,22
275,23
275,24
275,46
275,47
275,48
275,60
275,61
275,62
275,63
275,64
275,65
275,66
275,67
275,68
275,69
275,93
275,94
275,95
276,22
276,23
276,24
276,25
276,26
276,27
276,28
276,29
276,30
276,31
276,32
276,33
276,34
276,52
276,53
276,54
276,60
276,61
276,62
276,63
276,64
276,65
276,66
276,67
276,68
276,69
276,96
276,97
276,98
277,25
277,26
277,27
277,28
277,29
277,30
277,31
277,32
277,33
277,34
277,52
277,53
277,54
277,96
277,97
277,98
278,2
278,3
278,4
278,16
278,17
278,18
278,19
278,20
278,21
278,22
278,23
278,24
278,25
278,26
278,27
278,28
278,29
278,30
278,31
278,32
278,33
278,34
278,78
278,79
278,80
278,81
278,82
278,83
278,84
278,85
278,86
278,87
278,88
278,89
278,90
278,91
278,92
278,94
278,95
278,96
279,2
279,3
279,4
279,16
279,17
279,18
279,19
279,20
279,21
279,22
279,23
279,24
279,25
279,26
279,27
279,28
279,29
279,30
279,31
279,32
279,33
279,34
279,78
279,79
279,80
279,81
279,82
279,83
279,84
279,85
279,86
279,87
279,88
279,89
279,90
279,91
279,92
279,94
279,95
279,96
280,22
280,23
280,24
280,25
280,26
280,27
280,28
280,29
280,30
280,31
280,32
280,33
280,34
280,72
280,73
280,74
280,78
280,79
280,80
280,81
280,82
280,83
280,84
280,85
280,86
280,87
280,88
280,89
280,90
280,91
280,92
281,22
281,23
281,24
281,72
281,73
281,74
281,75
281,76
281,77
282,2
282,3
282,4
282,47
282,48
282,49
282,50
282,51
282,52
282,72
282,73
282,74
282,75
282,76
282,77
282,94
282,95
282,96
283,2
283,3
283,4
283,16
283,17
283,18
283,22
283,23
283,24
283,25
283,26
283,27
283,28
283,29
283,30
283,31
283,32
283,33
283,34
283,35
283,36
283,37
283,38
283,39
283,47
283,48
283,49
283,50
283,51
283,52
283,72
283,73
283,74
283,75
283,76
283,77
283,94
283,95
283,96
284,16
284,17
284,18
284,22
284,23
284,24
284,25
284,26
284,27
284,28
284,29
284,30
284,31
284,32
284,33
284,34
284,35
284,36
284,37
284,38
284,39
284,46
284,47
284,48
284,75
284,76
284,77
284,78
284,79
284,80
284,81
284,82
284,83
284,84
284,85
284,86
284,87
284,88
284,89
284,90
284,91
284,92
284,93
284,94
284,95
285,22
285,23
285,24
285,25
285,26
285,27
285,28
285,29
285,30
285,31
285,32
285,33
285,34
285,35
285,36
285,37
285,38
285,39
285,46
285,47
285,48
285,78
285,79
285,80
285,81
285,82
285,83
285,84
285,85
285,86
285,87
285,88
285,89
285,90
285,91
285,92
285,93
285,94
285,95
286,22
286,23
286,24
286,52
286,53
286,54
286,78
286,79
286,80
286,81
286,82
286,83
286,84
286,85
286,86
286,87
286,88
286,89
286,90
286,91
286,92
286,96
286,97
286,98
287,52
287,53
287,54
287,96
287,97
287,98
288,2
288,3
288,4
288,16
288,17
288,18
288,19
288,20
288,21
288,57
288,58
288,59
288,60
288,61
288,62
288,63
288,64
288,65
288,66
288,67
288,68
288,69
288,70
288,71
288,94
288,95
288,96
289,2
289,3
289,4
289,16
289,17
289,18
289,19
289,20
289,21
289,57
289,58
289,59
289,60
289,61
289,62
289,63
289,64
289,65
289,66
289,67
289,68
289,69
289,70
289,71
289,94
289,95
289,96
290,22
290,23
290,24
290,57
290,58
290,59
290,60
290,61
290,62
290,63
290,64
290,65
290,66
290,67
290,68
290,69
290,70
290,71
290,72
290,73
290,74
291,22
291,23
291,24
291,72
291,73
291,74
292,2
292,3
292,4
292,47
292,48
292,49
292,50
292,51
292,52
292,72
292,73
292,74
292,94
292,95
292,96
293,2
293,3
293,4
293,16
293,17
293,18
293,22
293,23
293,24
293,47
293,48
293,49
293,50
293,51
293,52
293,62
293,63
293,64
293,65
293,66
293,67
293,68
293,69
293,70
293,71
293,72
293,73
293,74
293,75
293,76
293,77
293,94
293,95
293,96
294,16
294,17
294,18
294,22
294,23
294,24
294,46
294,47
294,48
294,52
294,53
294,54
294,62
294,63
294,64
294,65
294,66
294,67
294,68
294,69
294,70
294,71
294,75
294,76
294,77
294,93
294,94
294,95
295,22
295,23
295,24
295,46
295,47
295,48
295,52
295,53
295,54
295,62
295,63
295,64
295,65
295,66
295,67
295,68
295,69
295,70
295,71
295,78
295,79
295,80
295,81
295,82
295,83
295,84
295,85
295,86
295,87
295,88
295,89
295,90
295,91
295,92
295,93
295,94
295,95
296,22
296,23
296,24
296,52
296,53
296,54
296,62
296,63
296,64
296,65
296,66
296,67
296,68
296,69
296,70
296,71
296,78
296,79
296,80
296,81
296,82
296,83
296,84
296,85
296,86
296,87
296,88
296,89
296,90
296,91
296,92
296,96
296,97
296,98
297,52
297,53
297,54
297,62
297,63
297,64
297,65
297,66
297,67
297,68
297,69
297,70
297,71
297,78
297,79
297,80
297,81
297,82
297,83
297,84
297,85
297,86
297,87
297,88
297,89
297,90
297,91
297,92
297,96
297,97
297,98
298,2
298,3
298,4
298,16
298,17
298,18
298,19
298,20
298,21
298,94
298,95
298,96
299,2
299,3
299,4
299,16
299,17
299,18
299,19
299,20
299,21
299,55
299,56
299,57
299,58
299,59
299,60
299,61
299,62
299,63
299,64
299,65
299,66
299,67
299,68
299,69
299,94
299,95
299,96
300,22
300,23
300,24
300,31
300,32
300,33
300,34
300,35
300,36
300,37
300,38
300,39
300,40
300,55
300,56
300,57
300,58
300,59
300,60
300,61
300,62
300,63
300,64
300,65
300,66
300,67
300,68
300,69
300,72
300,73
300,74
301,22
301,23
301,24
301,31
301,32
301,33
301,34
301,35
301,36
301,37
301,38
301,39
301,40
301,55
301,56
301,57
301,58
301,59
301,60
301,61
301,62
301,63
301,64
301,65
301,66
301,67
301,68
301,69
301,72
301,73
301,74
302,2
302,3
302,4
302,31
302,32
302,33
302,34
302,35
302,36
302,37
302,38
302,39
302,40
302,47
302,48
302,49
302,50
302,51
302,52
302,72
302,73
302,74
302,94
302,95
302,96
303,2
303,3
303,4
303,16
303,17
303,18
303,22
303,23
303,24
303,31
303,32
303,33
303,34
303,35
303,36
303,37
303,38
303,39
303,40
303,47
303,48
303,49
303,50
303,51
303,52
303,72
303,73
303,74
303,75
303,76
303,77
303,94
303,95
303,96
303,97
303,98
303,99
304,16
304,17
304,18
304,22
304,23
304,24
304,31
304,32
304,33
304,34
304,35
304,36
304,37
304,38
304,39
304,40
304,46
304,47
304,48
304,52
304,53
304,54
304,75
304,76
304,77
304,93
304,94
304,95
304,97
304,98
304,99
305,25
305,26
305,27
305,28
305,29
305,30
305,31
305,32
305,33
305,34
305,35
305,36
305,37
305,38
305,39
305,46
305,47
305,48
305,52
305,53
305,54
305,65
305,66
305,67
305,68
305,69
305,70
305,71
305,72
305,73
305,74
305,93
305,94
305,95
306,3
306,4
306,5
306,25
306,26
306,27
306,28
306,29
306,30
306,31
306,32
306,33
306,34
306,35
306,36
306,37
306,38
306,39
306,52
306,53
306,54
306,65
306,66
306,67
306,68
306,69
306,70
306,71
306,72
306,73
306,74
306,96
306,97
306,98
307,3
307,4
307,5
307,25
307,26
307,27
307,28
307,29
307,30
307,31
307,32
307,33
307,34
307,35
307,36
307,37
307,38
307,39
307,52
307,53
307,54
307,65
307,66
307,67
307,68
307,69
307,70
307,71
307,72
307,73
307,74
307,75
307,76
307,77
307,78
307,79
307,80
307,81
307,82
307,83
307,84
307,85
307,86
307,87
307,88
307,89
307,96
307,97
307,98
308,2
308,3
308,4
308,16
308,17
308,18
308,19
308,20
308,21
308,65
308,66
308,67
308,68
308,69
308,70
308,71
308,72
308,73
308,74
308,75
308,76
308,77
308,78
308,79
308,80
308,81
308,82
308,83
308,84
308,85
308,86
308,87
308,88
308,89
308,94
308,95
308,96
309,2
309,3
309,4
309,16
309,17
309,18
309,19
309,20
309,21
309,35
309,36
309,37
309,38
309,39
309,40
309,41
309,42
309,43
309,44
309,45
309,46
309,47
309,48
309,49
309,65
309,66
309,67
309,68
309,69
309,70
309,71
309,72
309,73
309,74
309,75
309,76
309,77
309,78
309,79
309,80
309,81
309,82
309,83
309,84
309,85
309,86
309,87
309,88
309,89
309,94
309,95
309,96
310,22
310,23
310,24
310,35
310,36
310,37
310,38
310,39
310,40
310,41
310,42
310,43
310,44
310,45
310,46
310,47
310,48
310,49
310,55
310,56
310,57
310,58
310,59
310,60
310,61
310,62
310,63
310,64
310,65
310,66
310,67
310,68
310,69
310,72
310,73
310,74
311,17
311,18
311,19
311,22
311,23
311,24
311,35
311,36
311,37
311,38
311,39
311,40
311,41
311,42
311,43
311,44
311,45
311,46
311,47
311,48
311,49
311,55
311,56
311,57
311,58
311,59
311,60
311,61
311,62
311,63
311,64
311,65
311,66
311,67
311,68
311,69
311,72
311,73
311,74
312,2
312,3
312,4
312,17
312,18
312,19
312,47
312,48
312,49
312,50
312,51
312,52
312,55
312,56
312,57
312,58
312,59
312,60
312,61
312,62
312,63
312,64
312,65
312,66
312,67
312,68
312,69
312,72
312,73
312,74
312,94
312,95
312,96
313,2
313,3
313,4
313,16
313,17
313,18
313,22
313,23
313,24
313,30
313,31
313,32
313,33
313,34
313,35
313,36
313,37
313,38
313,39
313,40
313,41
313,42
313,43
313,44
313,47
313,48
313,49
313,50
313,51
313,52
313,72
313,73
313,74
313,75
313,76
313,77
313,94
313,95
313,96
313,97
313,98
313,99
314,16
314,17
314,18
314,22
314,23
314,24
314,30
314,31
314,32
314,33
314,34
314,35
314,36
314,37
314,38
314,39
314,40
314,41
314,42
314,43
314,44
314,46
314,47
314,48
314,52
314,53
314,54
314,75
314,76
314,77
314,93
314,94
314,95
314,97
314,98
314,99
315,30
315,31
315,32
315,33
315,34
315,35
315,36
315,37
315,38
315,39
315,40
315,41
315,42
315,43
315,44
315,46
315,47
315,48
315,52
315,53
315,54
315,93
315,94
315,95
316,3
316,4
316,5
316,52
316,53
316,54
316,82
316,83
316,84
316,85
316,86
316,87
316,88
316,89
316,90
316,91
316,96
316,97
316,98
317,3
317,4
317,5
317,49
317,50
317,51
317,52
317,53
317,54
317,82
317,83
317,84
317,85
317,86
317,87
317,88
317,89
317,90
317,91
317,96
317,97
317,98
318,19
318,20
318,21
318,49
318,50
318,51
318,82
318,83
318,84
318,85
318,86
318,87
318,88
318,89
318,90
318,91
318,94
318,95
318,96
319,19
319,20
319,21
319,82
319,83
319,84
319,85
319,86
319,87
319,88
319,89
319,90
319,91
319,94
319,95
319,96
320,22
320,23
320,24
320,72
320,73
320,74
320,82
320,83
320,84
320,85
320,86
320,87
320,88
320,89
320,90
320,91
321,17
321,18
321,19
321,22
321,23
321,24
321,72
321,73
321,74
321,78
321,79
321,80
321,81
321,82
321,83
321,84
321,85
321,86
321,87
321,88
321,89
321,90
321,91
321,92
322,2
322,3
322,4
322,17
322,18
322,19
322,47
322,48
322,49
322,72
322,73
322,74
322,78
322,79
322,80
322,81
322,82
322,83
322,84
322,85
322,86
322,87
322,88
322,89
322,90
322,91
322,92
322,94
322,95
322,96
323,2
323,3
323,4
323,16
323,17
323,18
323,22
323,23
323,24
323,47
323,48
323,49
323,72
323,73
323,74
323,75
323,76
323,77
323,78
323,79
323,80
323,81
323,82
323,83
323,84
323,85
323,86
323,87
323,88
323,89
323,90
323,91
323,92
323,94
323,95
323,96
323,97
323,98
323,99
324,16
324,17
324,18
324,22
324,23
324,24
324,46
324,47
324,48
324,52
324,53
324,54
324,75
324,76
324,77
324,97
324,98
324,99
325,46
325,47
325,48
325,52
325,53
325,54
326,3
326,4
326,5
326,25
326,26
326,27
326,28
326,29
326,30
326,31
326,32
326,33
326,34
326,35
326,36
326,37
326,38
326,39
326,52
326,53
326,54
326,93
326,94
326,95
326,96
326,97
326,98
327,3
327,4
327,5
327,25
327,26
327,27
327,28
327,29
327,30
327,31
327,32
327,33
327,34
327,35
327,36
327,37
327,38
327,39
327,42
327,43
327,44
327,49
327,50
327,51
327,52
327,53
327,54
327,93
327,94
327,95
327,96
327,97
327,98
328,19
328,20
328,21
328,25
328,26
328,27
328,28
328,29
328,30
328,31
328,32
328,33
328,34
328,35
328,36
328,37
328,38
328,39
328,42
328,43
328,44
328,49
328,50
328,51
328,94
328,95
328,96
329,19
329,20
329,21
329,94
329,95
329,96
330,22
330,23
330,24
330,25
330,26
330,27
330,28
330,29
330,30
330,31
330,32
330,33
330,34
330,72
330,73
330,74
331,17
331,18
331,19
331,22
331,23
331,24
331,25
331,26
331,27
331,28
331,29
331,30
331,31
331,32
331,33
331,34
331,57
331,58
331,59
331,60
331,61
331,62
331,63
331,64
331,65
331,66
331,67
331,68
331,69
331,70
331,71
331,72
331,73
331,74
332,2
332,3
332,4
332,17
332,18
332,19
332,25
332,26
332,27
332,28
332,29
332,30
332,31
332,32
332,33
332,34
332,47
332,48
332,49
332,57
332,58
332,59
332,60
332,61
332,62
332,63
332,64
332,65
332,66
332,67
332,68
332,69
332,70
332,71
332,72
332,73
332,74
332,94
332,95
332,96
333,2
333,3
333,4
333,16
333,17
333,18
333,22
333,23
333,24
333,25
333,26
333,27
333,28
333,29
333,30
333,31
333,32
333,33
333,34
333,47
333,48
333,49
333,57
333,58
333,59
333,60
333,61
333,62
333,63
333,64
333,65
333,66
333,67
333,68
333,69
333,70
333,71
333,72
333,73
333,74
333,94
333,95
333,96
333,97
333,98
333,99
334,16
334,17
334,18
334,22
334,23
334,24
334,25
334,26
334,27
334,28
334,29
334,30
334,31
334,32
334,33
334,34
334,46
334,47
334,48
334,52
334,53
334,54
334,70
334,71
334,72
334,97
334,98
334,99
335,46
335,47
335,48
335,52
335,53
335,54
335,70
335,71
335,72
336,3
336,4
336,5
336,93
336,94
336,95
336,96
336,97
336,98
337,3
337,4
337,5
337,25
337,26
337,27
337,28
337,29
337,30
337,31
337,32
337,33
337,34
337,35
337,36
337,37
337,38
337,39
337,42
337,43
337,44
337,49
337,50
337,51
337,60
337,61
337,62
337,63
337,64
337,65
337,66
337,67
337,68
337,69
337,93
337,94
337,95
337,96
337,97
337,98
338,25
338,26
338,27
338,28
338,29
338,30
338,31
338,32
338,33
338,34
338,35
338,36
338,37
338,38
338,39
338,42
338,43
338,44
338,49
338,50
338,51
338,60
338,61
338,62
338,63
338,64
338,65
338,66
338,67
338,68
338,69
338,78
338,79
338,80
338,81
338,82
338,83
338,84
338,85
338,86
338,87
338,88
338,89
338,90
338,91
338,92
338,94
338,95
338,96
339,25
339,26
339,27
339,28
339,29
339,30
339,31
339,32
339,33
339,34
339,35
339,36
339,37
339,38
339,39
339,60
339,61
339,62
339,63
339,64
339,65
339,66
339,67
339,68
339,69
339,78
339,79
339,80
339,81
339,82
339,83
339,84
339,85
339,86
339,87
339,88
339,89
339,90
339,91
339,92
339,94
339,95
339,96
340,22
340,23
340,24
340,60
340,61
340,62
340,63
340,64
340,65
340,66
340,67
340,68
340,69
340,72
340,73
340,74
340,78
340,79
340,80
340,81
340,82
340,83
340,84
340,85
340,86
340,87
340,88
340,89
340,90
340,91
340,92
341,17
341,18
341,19
341,22
341,23
341,24
341,25
341,26
341,27
341,28
341,29
341,30
341,31
341,32
341,33
341,34
341,44
341,45
341,46
341,60
341,61
341,62
341,63
341,64
341,65
341,66
341,67
341,68
341,69
341,72
341,73
341,74
342,2
342,3
342,4
342,17
342,18
342,19
342,25
342,26
342,27
342,28
342,29
342,30
342,31
342,32
342,33
342,34
342,44
342,45
342,46
342,47
342,48
342,49
342,55
342,56
342,57
342,58
342,59
342,60
342,61
342,62
342,63
342,64
342,65
342,66
342,67
342,68
342,69
342,72
342,73
342,74
343,2
343,3
343,4
343,16
343,17
343,18
343,22
343,23
343,24
343,25
343,26
343,27
343,28
343,29
343,30
343,31
343,32
343,33
343,34
343,47
343,48
343,49
343,55
343,56
343,57
343,58
343,59
343,60
343,61
343,62
343,63
343,64
343,65
343,66
343,67
343,68
343,69
343,72
343,73
343,74
343,97
343,98
343,99
344,16
344,17
344,18
344,22
344,23
344,24
344,25
344,26
344,27
344,28
344,29
344,30
344,31
344,32
344,33
344,34
344,46
344,47
344,48
344,52
344,53
344,54
344,55
344,56
344,57
344,58
344,59
344,60
344,61
344,62
344,63
344,64
344,65
344,66
344,67
344,68
344,69
344,70
344,71
344,72
344,97
344,98
344,99
345,25
345,26
345,27
345,28
345,29
345,30
345,31
345,32
345,33
345,34
345,46
345,47
345,48
345,52
345,53
345,54
345,70
345,71
345,72
346,3
346,4
346,5
346,21
346,22
346,23
346,93
346,94
346,95
346,96
346,97
346,98
347,3
347,4
347,5
347,21
347,22
347,23
347,42
347,43
347,44
347,49
347,50
347,51
347,93
347,94
347,95
347,96
347,97
347,98
348,6
348,7
348,8
348,9
348,10
348,11
348,12
348,13
348,14
348,15
348,25
348,26
348,27
348,28
348,29
348,30
348,31
348,32
348,33
348,34
348,35
348,36
348,37
348,38
348,39
348,42
348,43
348,44
348,49
348,50
348,51
348,94
348,95
348,96
349,6
349,7
349,8
349,9
349,10
349,11
349,12
349,13
349,14
349,15
349,25
349,26
349,27
349,28
349,29
349,30
349,31
349,32
349,33
349,34
349,35
349,36
349,37
349,38
349,39
349,94
349,95
349,96
350,6
350,7
350,8
350,9
350,10
350,11
350,12
350,13
350,14
350,15
350,22
350,23
350,24
350,25
350,26
350,27
350,28
350,29
350,30
350,31
350,32
350,33
350,34
350,35
350,36
350,37
350,38
350,39
350,72
350,73
350,74
350,75
350,76
350,77
350,78
350,79
350,80
350,81
350,82
350,83
350,84
350,85
350,86
350,87
350,88
350,89
351,6
351,7
351,8
351,9
351,10
351,11
351,12
351,13
351,14
351,15
351,17
351,18
351,19
351,22
351,23
351,24
351,44
351,45
351,46
351,72
351,73
351,74
351,75
351,76
351,77
351,78
351,79
351,80
351,81
351,82
351,83
351,84
351,85
351,86
351,87
351,88
351,89
352,2
352,3
352,4
352,6
352,7
352,8
352,9
352,10
352,11
352,12
352,13
352,14
352,15
352,17
352,18
352,19
352,44
352,45
352,46
352,47
352,48
352,49
352,72
352,73
352,74
352,75
352,76
352,77
352,78
352,79
352,80
352,81
352,82
352,83
352,84
352,85
352,86
352,87
352,88
352,89
353,2
353,3
353,4
353,16
353,17
353,18
353,22
353,23
353,24
353,47
353,48
353,49
353,55
353,56
353,57
353,58
353,59
353,60
353,61
353,62
353,63
353,64
353,65
353,66
353,67
353,68
353,69
353,72
353,73
353,74
353,97
353,98
353,99
354,16
354,17
354,18
354,22
354,23
354,24
354,46
354,47
354,48
354,52
354,53
354,54
354,55
354,56
354,57
354,58
354,59
354,60
354,61
354,62
354,63
354,64
354,65
354,66
354,67
354,68
354,69
354,70
354,71
354,72
354,97
354,98
354,99
355,46
355,47
355,48
355,52
355,53
355,54
355,55
355,56
355,57
355,58
355,59
355,60
355,61
355,62
355,63
355,64
355,65
355,66
355,67
355,68
355,69
355,70
355,71
355,72
356,3
356,4
356,5
356,21
356,22
356,23
356,93
356,94
356,95
356,96
356,97
356,98
357,3
357,4
357,5
357,21
357,22
357,23
357,26
357,27
357,28
357,29
357,30
357,31
357,32
357,33
357,34
357,35
357,36
357,37
357,38
357,39
357,40
357,42
357,43
357,44
357,49
357,50
357,51
357,93
357,94
357,95
357,96
357,97
357,98
358,26
358,27
358,28
358,29
358,30
358,31
358,32
358,33
358,34
358,35
358,36
358,37
358,38
358,39
358,40
358,42
358,43
358,44
358,49
358,50
358,51
358,62
358,63
358,64
358,65
358,66
358,67
358,68
358,69
358,70
358,71
358,94
358,95
358,96
359,26
359,27
359,28
359,29
359,30
359,31
359,32
359,33
359,34
359,35
359,36
359,37
359,38
359,39
359,40
359,62
359,63
359,64
359,65
359,66
359,67
359,68
359,69
359,70
359,71
359,94
359,95
359,96
360,22
360,23
360,24
360,62
360,63
360,64
360,65
360,66
360,67
360,68
360,69
360,70
360,71
360,72
360,73
360,74
361,17
361,18
361,19
361,22
361,23
361,24
361,41
361,42
361,43
361,44
361,45
361,46
361,62
361,63
361,64
361,65
361,66
361,67
361,68
361,69
361,70
361,71
361,72
361,73
361,74
362,17
362,18
362,19
362,41
362,42
362,43
362,44
362,45
362,46
362,47
362,48
362,49
362,62
362,63
362,64
362,65
362,66
362,67
362,68
362,69
362,70
362,71
362,72
362,73
362,74
363,16
363,17
363,18
363,22
363,23
363,24
363,47
363,48
363,49
363,72
363,73
363,74
363,97
363,98
363,99
364,16
364,17
364,18
364,22
364,23
364,24
364,46
364,47
364,48
364,52
364,53
364,54
364,70
364,71
364,72
364,78
364,79
364,80
364,81
364,82
364,83
364,84
364,85
364,86
364,87
364,88
364,89
364,90
364,91
364,92
364,97
364,98
364,99
365,31
365,32
365,33
365,34
365,35
365,36
365,37
365,38
365,39
365,40
365,46
365,47
365,48
365,52
365,53
365,54
365,70
365,71
365,72
365,78
365,79
365,80
365,81
365,82
365,83
365,84
365,85
365,86
365,87
365,88
365,89
365,90
365,91
365,92
366,3
366,4
366,5
366,21
366,22
366,23
366,31
366,32
366,33
366,34
366,35
366,36
366,37
366,38
366,39
366,40
366,78
366,79
366,80
366,81
366,82
366,83
366,84
366,85
366,86
366,87
366,88
366,89
366,90
366,91
366,92
366,93
366,94
366,95
367,3
367,4
367,5
367,21
367,22
367,23
367,31
367,32
367,33
367,34
367,35
367,36
367,37
367,38
367,39
367,40
367,42
367,43
367,44
367,49
367,50
367,51
367,93
367,94
367,95
368,0
368,1
368,2
368,31
368,32
368,33
368,34
368,35
368,36
368,37
368,38
368,39
368,40
368,42
368,43
368,44
368,49
368,50
368,51
368,94
368,95
368,96
369,0
369,1
369,2
369,31
369,32
369,33
369,34
369,35
369,36
369,37
369,38
369,39
369,40
369,94
369,95
369,96
370,22
370,23
370,24
371,17
371,18
371,19
371,22
371,23
371,24
371,41
371,42
371,43
371,44
371,45
371,46
372,17
372,18
372,19
372,41
372,42
372,43
372,44
372,45
372,46
372,47
372,48
372,49
373,16
373,17
373,18
373,22
373,23
373,24
373,47
373,48
373,49
373,97
373,98
373,99
374,16
374,17
374,18
374,22
374,23
374,24
374,46
374,47
374,48
374,52
374,53
374,54
374,70
374,71
374,72
374,97
374,98
374,99
375,10
375,11
375,12
375,13
375,14
375,15
375,16
375,17
375,18
375,19
375,46
375,47
375,48
375,52
375,53
375,54
375,70
375,71
375,72
375,76
375,77
375,78
375,79
375,80
375,81
375,82
375,83
375,84
375,85
375,86
375,87
375,88
375,89
375,90
376,3
376,4
376,5
376,10
376,11
376,12
376,13
376,14
376,15
376,16
376,17
376,18
376,19
376,21
376,22
376,23
376,76
376,77
376,78
376,79
376,80
376,81
376,82
376,83
376,84
376,85
376,86
376,87
376,88
376,89
376,90
376,93
376,94
376,95
377,3
377,4
377,5
377,10
377,11
377,12
377,13
377,14
377,15
377,16
377,17
377,18
377,19
377,21
377,22
377,23
377,42
377,43
377,44
377,49
377,50
377,51
377,76
377,77
377,78
377,79
377,80
377,81
377,82
377,83
377,84
377,85
377,86
377,87
377,88
377,89
377,90
377,93
377,94
377,95
378,0
378,1
378,2
378,10
378,11
378,12
378,13
378,14
378,15
378,16
378,17
378,18
378,19
378,42
378,43
378,44
378,49
378,50
378,51
378,94
378,95
378,96
379,0
379,1
379,2
379,10
379,11
379,12
379,13
379,14
379,15
379,16
379,17
379,18
379,19
379,94
379,95
379,96
380,22
380,23
380,24
380,25
380,26
380,27
380,28
380,29
380,30
380,31
380,32
380,33
380,34
380,35
380,36
380,37
380,38
380,39
381,17
381,18
381,19
381,22
381,23
381,24
381,25
381,26
381,27
381,28
381,29
381,30
381,31
381,32
381,33
381,34
381,35
381,36
381,37
381,38
381,39
381,41
381,42
381,43
381,44
381,45
381,46
381,78
381,79
381,80
381,81
381,82
381,83
381,84
381,85
381,86
381,87
381,88
381,89
381,90
381,91
381,92
382,17
382,18
382,19
382,25
382,26
382,27
382,28
382,29
382,30
382,31
382,32
382,33
382,34
382,35
382,36
382,37
382,38
382,39
382,41
382,42
382,43
382,44
382,45
382,46
382,47
382,48
382,49
382,78
382,79
382,80
382,81
382,82
382,83
382,84
382,85
382,86
382,87
382,88
382,89
382,90
382,91
382,92
383,22
383,23
383,24
383,43
383,44
383,45
383,47
383,48
383,49
383,78
383,79
383,80
383,81
383,82
383,83
383,84
383,85
383,86
383,87
383,88
383,89
383,90
383,91
383,92
383,97
383,98
383,99
384,6
384,7
384,8
384,9
384,10
384,11
384,12
384,13
384,14
384,15
384,16
384,17
384,18
384,19
384,20
384,22
384,23
384,24
384,43
384,44
384,45
384,52
384,53
384,54
384,70
384,71
384,72
384,97
384,98
384,99
385,6
385,7
385,8
385,9
385,10
385,11
385,12
385,13
385,14
385,15
385,16
385,17
385,18
385,19
385,20
385,30
385,31
385,32
385,33
385,34
385,35
385,36
385,37
385,38
385,39
385,52
385,53
385,54
385,55
385,56
385,57
385,58
385,59
385,60
385,61
385,62
385,63
385,64
385,65
385,66
385,67
385,68
385,69
385,70
385,71
385,72
386,3
386,4
386,5
386,6
386,7
386,8
386,9
386,10
386,11
386,12
386,13
386,14
386,15
386,16
386,17
386,18
386,19
386,20
386,21
386,22
386,23
386,30
386,31
386,32
386,33
386,34
386,35
386,36
386,37
386,38
386,39
386,55
386,56
386,57
386,58
386,59
386,60
386,61
386,62
386,63
386,64
386,65
386,66
386,67
386,68
386,69
386,93
386,94
386,95
386,96
386,97
386,98
387,3
387,4
387,5
387,21
387,22
387,23
387,30
387,31
387,32
387,33
387,34
387,35
387,36
387,37
387,38
387,39
387,42
387,43
387,44
387,49
387,50
387,51
387,55
387,56
387,57
387,58
387,59
387,60
387,61
387,62
387,63
387,64
387,65
387,66
387,67
387,68
387,69
387,93
387,94
387,95
387,96
387,97
387,98
388,0
388,1
388,2
388,30
388,31
388,32
388,33
388,34
388,35
388,36
388,37
388,38
388,39
388,42
388,43
388,44
388,49
388,50
388,51
388,92
388,93
388,94
389,0
389,1
389,2
389,22
389,23
389,24
389,30
389,31
389,32
389,33
389,34
389,35
389,36
389,37
389,38
389,39
389,92
389,93
389,94
390,22
390,23
390,24
391,17
391,18
391,19
391,21
391,22
391,23
391,41
391,42
391,43
391,44
391,45
391,46
391,49
391,50
391,51
392,17
392,18
392,19
392,21
392,22
392,23
392,41
392,42
392,43
392,44
392,45
392,46
392,49
392,50
392,51
393,22
393,23
393,24
393,43
393,44
393,45
393,75
393,76
393,77
393,78
393,79
393,80
393,81
393,82
393,83
393,84
393,85
393,86
393,87
393,88
393,89
393,97
393,98
393,99
394,22
394,23
394,24
394,43
394,44
394,45
394,52
394,53
394,54
394,70
394,71
394,72
394,75
394,76
394,77
394,78
394,79
394,80
394,81
394,82
394,83
394,84
394,85
394,86
394,87
394,88
394,89
394,97
394,98
394,99
395,25
395,26
395,27
395,28
395,29
395,30
395,31
395,32
395,33
395,34
395,52
395,53
395,54
395,70
395,71
395,72
395,75
395,76
395,77
395,78
395,79
395,80
395,81
395,82
395,83
395,84
395,85
395,86
395,87
395,88
395,89
396,3
396,4
396,5
396,21
396,22
396,23
396,25
396,26
396,27
396,28
396,29
396,30
396,31
396,32
396,33
396,34
396,55
396,56
396,57
396,58
396,59
396,60
396,61
396,62
396,63
396,64
396,65
396,66
396,67
396,68
396,69
396,70
396,71
396,72
396,93
396,94
396,95
396,96
396,97
396,98
397,3
397,4
397,5
397,21
397,22
397,23
397,25
397,26
397,27
397,28
397,29
397,30
397,31
397,32
397,33
397,34
397,42
397,43
397,44
397,49
397,50
397,51
397,55
397,56
397,57
397,58
397,59
397,60
397,61
397,62
397,63
397,64
397,65
397,66
397,67
397,68
397,69
397,70
397,71
397,72
397,93
397,94
397,95
397,96
397,97
397,98
398,0
398,1
398,2
398,25
398,26
398,27
398,28
398,29
398,30
398,31
398,32
398,33
398,34
398,42
398,43
398,44
398,49
398,50
398,51
398,55
398,56
398,57
398,58
398,59
398,60
398,61
398,62
398,63
398,64
398,65
398,66
398,67
398,68
398,69
398,72
398,73
398,74
398,92
398,93
398,94
399,0
399,1
399,2
399,22
399,23
399,24
399,25
399,26
399,27
399,28
399,29
399,30
399,31
399,32
399,33
399,34
399,72
399,73
399,74
399,92
399,93
399,94
400,22
400,23
400,24
400,26
400,27
400,28
400,29
400,30
400,31
400,32
400,33
400,34
400,35
400,36
400,37
400,38
400,39
400,40
401,17
401,18
401,19
401,21
401,22
401,23
401,26
401,27
401,28
401,29
401,30
401,31
401,32
401,33
401,34
401,35
401,36
401,37
401,38
401,39
401,40
401,41
401,42
401,43
401,44
401,45
401,46
401,49
401,50
401,51
402,17
402,18
402,19
402,21
402,22
402,23
402,26
402,27
402,28
402,29
402,30
402,31
402,32
402,33
402,34
402,35
402,36
402,37
402,38
402,39
402,40
402,41
402,42
402,43
402,44
402,45
402,46
402,49
402,50
402,51
402,60
402,61
402,62
402,63
402,64
402,65
402,66
402,67
402,68
402,69
403,43
403,44
403,45
403,60
403,61
403,62
403,63
403,64
403,65
403,66
403,67
403,68
403,69
403,97
403,98
403,99
404,43
404,44
404,45
404,52
404,53
404,54
404,60
404,61
404,62
404,63
404,64
404,65
404,66
404,67
404,68
404,69
404,70
404,71
404,72
404,97
404,98
404,99
405,42
405,43
405,44
405,52
405,53
405,54
405,60
405,61
405,62
405,63
405,64
405,65
405,66
405,67
405,68
405,69
405,70
405,71
405,72
406,3
406,4
406,5
406,21
406,22
406,23
406,42
406,43
406,44
406,60
406,61
406,62
406,63
406,64
406,65
406,66
406,67
406,68
406,69
406,70
406,71
406,72
406,93
406,94
406,95
406,96
406,97
406,98
407,3
407,4
407,5
407,21
407,22
407,23
407,42
407,43
407,44
407,49
407,50
407,51
407,70
407,71
407,72
407,93
407,94
407,95
407,96
407,97
407,98
408,0
408,1
408,2
408,42
408,43
408,44
408,49
408,50
408,51
408,72
408,73
408,74
408,92
408,93
408,94
409,0
409,1
409,2
409,22
409,23
409,24
409,72
409,73
409,74
409,92
409,93
409,94
410,22
410,23
410,24
411,17
411,18
411,19
411,21
411,22
411,23
411,41
411,42
411,43
411,44
411,45
411,46
411,49
411,50
411,51
412,17
412,18
412,19
412,21
412,22
412,23
412,41
412,42
412,43
412,44
412,45
412,46
412,49
412,50
412,51
413,6
413,7
413,8
413,9
413,10
413,11
413,12
413,13
413,14
413,15
413,43
413,44
413,45
413,97
413,98
413,99
414,6
414,7
414,8
414,9
414,10
414,11
414,12
414,13
414,14
414,15
414,43
414,44
414,45
414,70
414,71
414,72
414,97
414,98
414,99
415,0
415,1
415,2
415,6
415,7
415,8
415,9
415,10
415,11
415,12
415,13
415,14
415,15
415,30
415,31
415,32
415,33
415,34
415,35
415,36
415,37
415,38
415,39
415,42
415,43
415,44
415,70
415,71
415,72
415,76
415,77
415,78
415,79
415,80
415,81
415,82
415,83
415,84
415,85
415,86
415,87
415,88
415,89
415,90
416,0
416,1
416,2
416,3
416,4
416,5
416,6
416,7
416,8
416,9
416,10
416,11
416,12
416,13
416,14
416,15
416,21
416,22
416,23
416,30
416,31
416,32
416,33
416,34
416,35
416,36
416,37
416,38
416,39
416,42
416,43
416,44
416,70
416,71
416,72
416,76
416,77
416,78
416,79
416,80
416,81
416,82
416,83
416,84
416,85
416,86
416,87
416,88
416,89
416,90
416,93
416,94
416,95
416,96
416,97
416,98
417,3
417,4
417,5
417,6
417,7
417,8
417,9
417,10
417,11
417,12
417,13
417,14
417,15
417,21
417,22
417,23
417,30
417,31
417,32
417,33
417,34
417,35
417,36
417,37
417,38
417,39
417,42
417,43
417,44
417,49
417,50
417,51
417,70
417,71
417,72
417,76
417,77
417,78
417,79
417,80
417,81
417,82
417,83
417,84
417,85
417,86
417,87
417,88
417,89
417,90
417,93
417,94
417,95
417,96
417,97
417,98
418,0
418,1
418,2
418,30
418,31
418,32
418,33
418,34
418,35
418,36
418,37
418,38
418,39
418,42
418,43
418,44
418,49
418,50
418,51
418,72
418,73
418,74
418,76
418,77
418,78
418,79
418,80
418,81
418,82
418,83
418,84
418,85
418,86
418,87
418,88
418,89
418,90
418,92
418,93
418,94
419,0
419,1
419,2
419,22
419,23
419,24
419,30
419,31
419,32
419,33
419,34
419,35
419,36
419,37
419,38
419,39
419,72
419,73
419,74
419,76
419,77
419,78
419,79
419,80
419,81
419,82
419,83
419,84
419,85
419,86
419,87
419,88
419,89
419,90
419,92
419,93
419,94
420,22
420,23
420,24
420,76
420,77
420,78
420,79
420,80
420,81
420,82
420,83
420,84
420,85
420,86
420,87
420,88
420,89
420,90
420,94
420,95
420,96
421,17
421,18
421,19
421,21
421,22
421,23
421,41
421,42
421,43
421,44
421,45
421,46
421,49
421,50
421,51
421,94
421,95
421,96
422,17
422,18
422,19
422,21
422,22
422,23
422,41
422,42
422,43
422,44
422,45
422,46
422,49
422,50
422,51
423,25
423,26
423,27
423,28
423,29
423,30
423,31
423,32
423,33
423,34
423,35
423,36
423,37
423,38
423,39
423,43
423,44
423,45
424,5
424,6
424,7
424,8
424,9
424,10
424,11
424,12
424,13
424,14
424,15
424,16
424,17
424,18
424,19
424,25
424,26
424,27
424,28
424,29
424,30
424,31
424,32
424,33
424,34
424,35
424,36
424,37
424,38
424,39
424,43
424,44
424,45
424,70
424,71
424,72
424,78
424,79
424,80
424,81
424,82
424,83
424,84
424,85
424,86
424,87
424,88
424,89
424,90
424,91
424,92
425,0
425,1
425,2
425,5
425,6
425,7
425,8
425,9
425,10
425,11
425,12
425,13
425,14
425,15
425,16
425,17
425,18
425,19
425,25
425,26
425,27
425,28
425,29
425,30
425,31
425,32
425,33
425,34
425,35
425,36
425,37
425,38
425,39
425,42
425,43
425,44
425,52
425,53
425,54
425,55
425,56
425,57
425,58
425,59
425,60
425,61
425,62
425,63
425,64
425,65
425,66
425,70
425,71
425,72
425,78
425,79
425,80
425,81
425,82
425,83
425,84
425,85
425,86
425,87
425,88
425,89
425,90
425,91
425,92
426,0
426,1
426,2
426,5
426,6
426,7
426,8
426,9
426,10
426,11
426,12
426,13
426,14
426,15
426,16
426,17
426,18
426,19
426,21
426,22
426,23
426,42
426,43
426,44
426,52
426,53
426,54
426,55
426,56
426,57
426,58
426,59
426,60
426,61
426,62
426,63
426,64
426,65
426,66
426,70
426,71
426,72
426,78
426,79
426,80
426,81
426,82
426,83
426,84
426,85
426,86
426,87
426,88
426,89
426,90
426,91
426,92
426,93
426,94
426,95
426,96
426,97
426,98
427,6
427,7
427,8
427,9
427,10
427,11
427,12
427,13
427,14
427,15
427,16
427,17
427,18
427,19
427,20
427,21
427,22
427,23
427,42
427,43
427,44
427,49
427,50
427,51
427,52
427,53
427,54
427,55
427,56
427,57
427,58
427,59
427,60
427,61
427,62
427,63
427,64
427,65
427,66
427,70
427,71
427,72
427,76
427,77
427,78
427,79
427,80
427,81
427,82
427,83
427,84
427,85
427,86
427,87
427,88
427,89
427,90
427,93
427,94
427,95
427,96
427,97
427,98
428,0
428,1
428,2
428,6
428,7
428,8
428,9
428,10
428,11
428,12
428,13
428,14
428,15
428,16
428,17
428,18
428,19
428,20
428,42
428,43
428,44
428,49
428,50
428,51
428,55
428,56
428,57
428,58
428,59
428,60
428,61
428,62
428,63
428,64
428,65
428,66
428,67
428,68
428,69
428,72
428,73
428,74
428,76
428,77
428,78
428,79
428,80
428,81
428,82
428,83
428,84
428,85
428,86
428,87
428,88
428,89
428,90
428,92
428,93
428,94
429,0
429,1
429,2
429,6
429,7
429,8
429,9
429,10
429,11
429,12
429,13
429,14
429,15
429,16
429,17
429,18
429,19
429,20
429,22
429,23
429,24
429,55
429,56
429,57
429,58
429,59
429,60
429,61
429,62
429,63
429,64
429,65
429,66
429,67
429,68
429,69
429,72
429,73
429,74
429,76
429,77
429,78
429,79
429,80
429,81
429,82
429,83
429,84
429,85
429,86
429,87
429,88
429,89
429,90
429,92
429,93
429,94
430,22
430,23
430,24
430,31
430,32
430,33
430,34
430,35
430,36
430,37
430,38
430,39
430,40
430,55
430,56
430,57
430,58
430,59
430,60
430,61
430,62
430,63
430,64
430,65
430,66
430,67
430,68
430,69
430,94
430,95
430,96
431,21
431,22
431,23
431,31
431,32
431,33
431,34
431,35
431,36
431,37
431,38
431,39
431,40
431,41
431,42
431,43
431,44
431,45
431,46
431,49
431,50
431,51
431,94
431,95
431,96
432,21
432,22
432,23
432,31
432,32
432,33
432,34
432,35
432,36
432,37
432,38
432,39
432,40
432,41
432,42
432,43
432,44
432,45
432,46
432,49
432,50
432,51
432,52
432,53
432,54
432,55
432,56
432,57
432,58
432,59
432,60
432,61
433,31
433,32
433,33
433,34
433,35
433,36
433,37
433,38
433,39
433,40
433,43
433,44
433,45
433,52
433,53
433,54
433,55
433,56
433,57
433,58
433,59
433,60
433,61
433,73
433,74
433,75
434,31
434,32
434,33
434,34
434,35
434,36
434,37
434,38
434,39
434,40
434,43
434,44
434,45
434,52
434,53
434,54
434,55
434,56
434,57
434,58
434,59
434,60
434,61
434,70
434,71
434,72
434,73
434,74
434,75
435,0
435,1
435,2
435,42
435,43
435,44
435,52
435,53
435,54
435,55
435,56
435,57
435,58
435,59
435,60
435,61
435,70
435,71
435,72
436,0
436,1
436,2
436,21
436,22
436,23
436,42
436,43
436,44
436,52
436,53
436,54
436,55
436,56
436,57
436,58
436,59
436,60
436,61
436,70
436,71
436,72
436,75
436,76
436,77
436,78
436,79
436,80
436,81
436,82
436,83
436,84
436,85
436,86
436,87
436,88
436,89
436,93
436,94
436,95
436,96
436,97
436,98
437,21
437,22
437,23
437,42
437,43
437,44
437,70
437,71
437,72
437,75
437,76
437,77
437,78
437,79
437,80
437,81
437,82
437,83
437,84
437,85
437,86
437,87
437,88
437,89
437,93
437,94
437,95
437,96
437,97
437,98
438,0
438,1
438,2
438,42
438,43
438,44
438,72
438,73
438,74
438,75
438,76
438,77
438,78
438,79
438,80
438,81
438,82
438,83
438,84
438,85
438,86
438,87
438,88
438,89
438,92
438,93
438,94
439,0
439,1
439,2
439,22
439,23
439,24
439,55
439,56
439,57
439,58
439,59
439,60
439,61
439,62
439,63
439,64
439,65
439,66
439,67
439,68
439,69
439,72
439,73
439,74
439,92
439,93
439,94
440,10
440,11
440,12
440,13
440,14
440,15
440,16
440,17
440,18
440,19
440,22
440,23
440,24
440,55
440,56
440,57
440,58
440,59
440,60
440,61
440,62
440,63
440,64
440,65
440,66
440,67
440,68
440,69
440,94
440,95
440,96
441,10
441,11
441,12
441,13
441,14
441,15
441,16
441,17
441,18
441,19
441,21
441,22
441,23
441,24
441,25
441,26
441,41
441,42
441,43
441,44
441,45
441,46
441,49
441,50
441,51
441,55
441,56
441,57
441,58
441,59
441,60
441,61
441,62
441,63
441,64
441,65
441,66
441,67
441,68
441,69
441,94
441,95
441,96
442,10
442,11
442,12
442,13
442,14
442,15
442,16
442,17
442,18
442,19
442,21
442,22
442,23
442,24
442,25
442,26
442,41
442,42
442,43
442,44
442,45
442,46
442,49
442,50
442,51
443,10
443,11
443,12
443,13
443,14
443,15
443,16
443,17
443,18
443,19
443,26
443,27
443,28
443,29
443,30
443,31
443,32
443,33
443,34
443,35
443,36
443,37
443,38
443,39
443,40
443,43
443,44
443,45
443,73
443,74
443,75
444,10
444,11
444,12
444,13
444,14
444,15
444,16
444,17
444,18
444,19
444,26
444,27
444,28
444,29
444,30
444,31
444,32
444,33
444,34
444,35
444,36
444,37
444,38
444,39
444,40
444,43
444,44
444,45
444,70
444,71
444,72
444,73
444,74
444,75
445,0
445,1
445,2
445,26
445,27
445,28
445,29
445,30
445,31
445,32
445,33
445,34
445,35
445,36
445,37
445,38
445,39
445,40
445,42
445,43
445,44
445,45
445,46
445,47
445,70
445,71
445,72
446,0
446,1
446,2
446,21
446,22
446,23
446,42
446,43
446,44
446,45
446,46
446,47
446,70
446,71
446,72
446,96
446,97
446,98
447,21
447,22
447,23
447,30
447,31
447,32
447,33
447,34
447,35
447,36
447,37
447,38
447,39
447,40
447,41
447,42
447,43
447,44
447,70
447,71
447,72
447,96
447,97
447,98
448,0
448,1
448,2
448,30
448,31
448,32
448,33
448,34
448,35
448,36
448,37
448,38
448,39
448,40
448,41
448,42
448,43
448,44
448,72
448,73
448,74
448,92
448,93
448,94
449,0
449,1
449,2
449,22
449,23
449,24
449,30
449,31
449,32
449,33
449,34
449,35
449,36
449,37
449,38
449,39
449,40
449,41
449,42
449,43
449,44
449,72
449,73
449,74
449,92
449,93
449,94
450,22
450,23
450,24
450,30
450,31
450,32
450,33
450,34
450,35
450,36
450,37
450,38
450,39
450,91
450,92
450,93
450,94
450,95
450,96
451,21
451,22
451,23
451,24
451,25
451,26
451,27
451,28
451,29
451,30
451,31
451,32
451,33
451,34
451,35
451,36
451,37
451,38
451,39
451,41
451,42
451,43
451,44
451,45
451,46
451,49
451,50
451,51
451,52
451,53
451,54
451,55
451,56
451,57
451,58
451,59
451,60
451,61
451,91
451,92
451,93
451,94
451,95
451,96
452,21
452,22
452,23
452,24
452,25
452,26
452,27
452,28
452,29
452,30
452,31
452,32
452,33
452,34
452,35
452,36
452,37
452,38
452,39
452,41
452,42
452,43
452,44
452,45
452,46
452,49
452,50
452,51
452,52
452,53
452,54
452,55
452,56
452,57
452,58
452,59
452,60
452,61
453,30
453,31
453,32
453,33
453,34
453,35
453,36
453,37
453,38
453,39
453,43
453,44
453,45
453,52
453,53
453,54
453,55
453,56
453,57
453,58
453,59
453,60
453,61
453,73
453,74
453,75
454,30
454,31
454,32
454,33
454,34
454,35
454,36
454,37
454,38
454,39
454,43
454,44
454,45
454,52
454,53
454,54
454,55
454,56
454,57
454,58
454,59
454,60
454,61
454,73
454,74
454,75
455,0
455,1
455,2
455,42
455,43
455,44
455,45
455,46
455,47
455,52
455,53
455,54
455,55
455,56
455,57
455,58
455,59
455,60
455,61
455,67
455,68
455,69
456,0
456,1
456,2
456,21
456,22
456,23
456,42
456,43
456,44
456,45
456,46
456,47
456,67
456,68
456,69
456,70
456,71
456,72
456,96
456,97
456,98
457,6
457,7
457,8
457,9
457,10
457,11
457,12
457,13
457,14
457,15
457,16
457,17
457,18
457,19
457,20
457,21
457,22
457,23
457,70
457,71
457,72
457,96
457,97
457,98
458,0
458,1
458,2
458,6
458,7
458,8
458,9
458,10
458,11
458,12
458,13
458,14
458,15
458,16
458,17
458,18
458,19
458,20
458,72
458,73
458,74
458,76
458,77
458,78
458,79
458,80
458,81
458,82
458,83
458,84
458,85
458,86
458,87
458,88
458,89
458,90
458,92
458,93
458,94
459,0
459,1
459,2
459,6
459,7
459,8
459,9
459,10
459,11
459,12
459,13
459,14
459,15
459,16
459,17
459,18
459,19
459,20
459,22
459,23
459,24
459,27
459,28
459,29
459,72
459,73
459,74
459,76
459,77
459,78
459,79
459,80
459,81
459,82
459,83
459,84
459,85
459,86
459,87
459,88
459,89
459,90
459,92
459,93
459,94
460,22
460,23
460,24
460,27
460,28
460,29
460,76
460,77
460,78
460,79
460,80
460,81
460,82
460,83
460,84
460,85
460,86
460,87
460,88
460,89
460,90
460,91
460,92
460,93
460,94
460,95
460,96
461,21
461,22
461,23
461,24
461,25
461,26
461,27
461,28
461,29
461,41
461,42
461,43
461,49
461,50
461,51
461,76
461,77
461,78
461,79
461,80
461,81
461,82
461,83
461,84
461,85
461,86
461,87
461,88
461,89
461,90
461,91
461,92
461,93
461,94
461,95
461,96
462,21
462,22
462,23
462,24
462,25
462,26
462,27
462,28
462,29
462,41
462,42
462,43
462,49
462,50
462,51
462,52
462,53
462,54
462,55
462,56
462,57
462,58
462,59
462,60
462,61
462,62
462,63
462,64
462,65
462,66
462,76
462,77
462,78
462,79
462,80
462,81
462,82
462,83
462,84
462,85
462,86
462,87
462,88
462,89
462,90
463,43
463,44
463,45
463,52
463,53
463,54
463,55
463,56
463,57
463,58
463,59
463,60
463,61
463,62
463,63
463,64
463,65
463,66
463,73
463,74
463,75
463,76
463,77
463,78
463,79
463,80
463,81
463,82
463,83
463,84
463,85
463,86
463,87
463,88
463,89
463,90
464,43
464,44
464,45
464,52
464,53
464,54
464,55
464,56
464,57
464,58
464,59
464,60
464,61
464,62
464,63
464,64
464,65
464,66
464,73
464,74
464,75
465,0
465,1
465,2
465,42
465,43
465,44
465,45
465,46
465,47
465,67
465,68
465,69
466,0
466,1
466,2
466,25
466,26
466,27
466,28
466,29
466,30
466,31
466,32
466,33
466,34
466,35
466,36
466,37
466,38
466,39
466,42
466,43
466,44
466,45
466,46
466,47
466,67
466,68
466,69
466,70
466,71
466,72
466,96
466,97
466,98
467,5
467,6
467,7
467,8
467,9
467,10
467,11
467,12
467,13
467,14
467,15
467,16
467,17
467,18
467,19
467,25
467,26
467,27
467,28
467,29
467,30
467,31
467,32
467,33
467,34
467,35
467,36
467,37
467,38
467,39
467,70
467,71
467,72
467,96
467,97
467,98
468,0
468,1
468,2
468,5
468,6
468,7
468,8
468,9
468,10
468,11
468,12
468,13
468,14
468,15
468,16
468,17
468,18
468,19
468,25
468,26
468,27
468,28
468,29
468,30
468,31
468,32
468,33
468,34
468,35
468,36
468,37
468,38
468,39
468,52
468,53
468,54
468,55
468,56
468,57
468,58
468,59
468,60
468,61
468,62
468,63
468,64
468,65
468,66
468,72
468,73
468,74
468,92
468,93
468,94
469,0
469,1
469,2
469,5
469,6
469,7
469,8
469,9
469,10
469,11
469,12
469,13
469,14
469,15
469,16
469,17
469,18
469,19
469,22
469,23
469,24
469,27
469,28
469,29
469,52
469,53
469,54
469,55
469,56
469,57
469,58
469,59
469,60
469,61
469,62
469,63
469,64
469,65
469,66
469,72
469,73
469,74
469,92
469,93
469,94
470,6
470,7
470,8
470,9
470,10
470,11
470,12
470,13
470,14
470,15
470,16
470,17
470,18
470,19
470,20
470,22
470,23
470,24
470,27
470,28
470,29
470,52
470,53
470,54
470,55
470,56
470,57
470,58
470,59
470,60
470,61
470,62
470,63
470,64
470,65
470,66
470,76
470,77
470,78
470,79
470,80
470,81
470,82
470,83
470,84
470,85
470,86
470,87
470,88
470,89
470,90
470,91
470,92
470,93
470,94
470,95
470,96
471,6
471,7
471,8
471,9
471,10
471,11
471,12
471,13
471,14
471,15
471,16
471,17
471,18
471,19
471,20
471,21
471,22
471,23
471,24
471,25
471,26
471,27
471,28
471,29
471,41
471,42
471,43
471,49
471,50
471,51
471,55
471,56
471,57
471,58
471,59
471,60
471,61
471,62
471,63
471,64
471,65
471,66
471,67
471,68
471,69
471,76
471,77
471,78
471,79
471,80
471,81
471,82
471,83
471,84
471,85
471,86
471,87
471,88
471,89
471,90
471,91
471,92
471,93
471,94
471,95
471,96
472,6
472,7
472,8
472,9
472,10
472,11
472,12
472,13
472,14
472,15
472,16
472,17
472,18
472,19
472,20
472,21
472,22
472,23
472,24
472,25
472,26
472,27
472,28
472,29
472,41
472,42
472,43
472,49
472,50
472,51
472,55
472,56
472,57
472,58
472,59
472,60
472,61
472,62
472,63
472,64
472,65
472,66
472,67
472,68
472,69
472,76
472,77
472,78
472,79
472,80
472,81
472,82
472,83
472,84
472,85
472,86
472,87
472,88
472,89
472,90
473,43
473,44
473,45
473,55
473,56
473,57
473,58
473,59
473,60
473,61
473,62
473,63
473,64
473,65
473,66
473,67
473,68
473,69
473,73
473,74
473,75
474,43
474,44
474,45
474,73
474,74
474,75
475,0
475,1
475,2
475,42
475,43
475,44
475,45
475,46
475,47
475,67
475,68
475,69
476,0
476,1
476,2
476,42
476,43
476,44
476,45
476,46
476,47
476,67
476,68
476,69
476,70
476,71
476,72
476,96
476,97
476,98
477,30
477,31
477,32
477,33
477,34
477,35
477,36
477,37
477,38
477,39
477,40
477,41
477,42
477,43
477,44
477,70
477,71
477,72
477,96
477,97
477,98
478,0
478,1
478,2
478,6
478,7
478,8
478,9
478,10
478,11
478,12
478,13
478,14
478,15
478,30
478,31
478,32
478,33
478,34
478,35
478,36
478,37
478,38
478,39
478,40
478,41
478,42
478,43
478,44
478,47
478,48
478,49
478,72
478,73
478,74
478,92
478,93
478,94
479,0
479,1
479,2
479,6
479,7
479,8
479,9
479,10
479,11
479,12
479,13
479,14
479,15
479,22
479,23
479,24
479,27
479,28
479,29
479,30
479,31
479,32
479,33
479,34
479,35
479,36
479,37
479,38
479,39
479,40
479,41
479,42
479,43
479,44
479,47
479,48
479,49
479,72
479,73
479,74
479,92
479,93
479,94
480,6
480,7
480,8
480,9
480,10
480,11
480,12
480,13
480,14
480,15
480,22
480,23
480,24
480,27
480,28
480,29
480,30
480,31
480,32
480,33
480,34
480,35
480,36
480,37
480,38
480,39
480,91
480,92
480,93
480,94
480,95
480,96
481,6
481,7
481,8
481,9
481,10
481,11
481,12
481,13
481,14
481,15
481,21
481,22
481,23
481,24
481,25
481,26
481,27
481,28
481,29
481,30
481,31
481,32
481,33
481,34
481,35
481,36
481,37
481,38
481,39
481,49
481,50
481,51
481,91
481,92
481,93
481,94
481,95
481,96
482,0
482,1
482,2
482,6
482,7
482,8
482,9
482,10
482,11
482,12
482,13
482,14
482,15
482,21
482,22
482,23
482,24
482,25
482,26
482,27
482,28
482,29
482,30
482,31
482,32
482,33
482,34
482,35
482,36
482,37
482,38
482,39
482,49
482,50
482,51
483,0
483,1
483,2
483,30
483,31
483,32
483,33
483,34
483,35
483,36
483,37
483,38
483,39
483,43
483,44
483,45
483,73
483,74
483,75
484,30
484,31
484,32
484,33
484,34
484,35
484,36
484,37
484,38
484,39
484,43
484,44
484,45
484,73
484,74
484,75
484,95
484,96
484,97
485,0
485,1
485,2
485,42
485,43
485,44
485,45
485,46
485,47
485,50
485,51
485,52
485,53
485,54
485,55
485,56
485,57
485,58
485,59
485,60
485,61
485,62
485,63
485,64
485,67
485,68
485,69
485,75
485,76
485,77
485,78
485,79
485,80
485,81
485,82
485,83
485,84
485,95
485,96
485,97
486,0
486,1
486,2
486,26
486,27
486,28
486,29
486,30
486,31
486,32
486,33
486,34
486,35
486,36
486,37
486,38
486,39
486,40
486,42
486,43
486,44
486,45
486,46
486,47
486,50
486,51
486,52
486,53
486,54
486,55
486,56
486,57
486,58
486,59
486,60
486,61
486,62
486,63
486,64
486,67
486,68
486,69
486,70
486,71
486,72
486,75
486,76
486,77
486,78
486,79
486,80
486,81
486,82
486,83
486,84
486,96
486,97
486,98
487,26
487,27
487,28
487,29
487,30
487,31
487,32
487,33
487,34
487,35
487,36
487,37
487,38
487,39
487,40
487,50
487,51
487,52
487,53
487,54
487,55
487,56
487,57
487,58
487,59
487,60
487,61
487,62
487,63
487,64
487,70
487,71
487,72
487,75
487,76
487,77
487,78
487,79
487,80
487,81
487,82
487,83
487,84
487,96
487,97
487,98
488,26
488,27
488,28
488,29
488,30
488,31
488,32
488,33
488,34
488,35
488,36
488,37
488,38
488,39
488,40
488,47
488,48
488,49
488,72
488,73
488,74
488,75
488,76
488,77
488,78
488,79
488,80
488,81
488,82
488,83
488,84
488,92
488,93
488,94
489,22
489,23
489,24
489,27
489,28
489,29
489,47
489,48
489,49
489,72
489,73
489,74
489,75
489,76
489,77
489,78
489,79
489,80
489,81
489,82
489,83
489,84
489,92
489,93
489,94
490,22
490,23
490,24
490,27
490,28
490,29
490,30
490,31
490,32
490,33
490,34
490,35
490,36
490,37
490,38
490,39
490,40
490,41
490,42
490,43
490,44
490,91
490,92
490,93
490,94
490,95
490,96
491,21
491,22
491,23
491,24
491,25
491,26
491,27
491,28
491,29
491,30
491,31
491,32
491,33
491,34
491,35
491,36
491,37
491,38
491,39
491,40
491,41
491,42
491,43
491,44
491,49
491,50
491,51
491,91
491,92
491,93
491,94
491,95
491,96
492,0
492,1
492,2
492,21
492,22
492,23
492,24
492,25
492,26
492,27
492,28
492,29
492,30
492,31
492,32
492,33
492,34
492,35
492,36
492,37
492,38
492,39
492,40
492,41
492,42
492,43
492,44
492,46
492,47
492,48
492,49
492,50
492,51
493,0
493,1
493,2
493,43
493,44
493,45
493,46
493,47
493,48
493,73
493,74
493,75
494,43
494,44
494,45
494,73
494,74
494,75
494,95
494,96
494,97
495,0
495,1
495,2
495,3
495,4
495,5
495,6
495,7
495,8
495,9
495,10
495,11
495,12
495,13
495,14
495,15
495,16
495,17
495,42
495,43
495,44
495,45
495,46
495,47
495,67
495,68
495,69
495,95
495,96
495,97
496,0
496,1
496,2
496,3
496,4
496,5
496,6
496,7
496,8
496,9
496,10
496,11
496,12
496,13
496,14
496,15
496,16
496,17
496,42
496,43
496,44
496,45
496,46
496,47
496,67
496,68
496,69
496,70
496,71
496,72
496,96
496,97
496,98
497,3
497,4
497,5
497,6
497,7
497,8
497,9
497,10
497,11
497,12
497,13
497,14
497,15
497,16
497,17
497,24
497,25
497,26
497,52
497,53
497,54
497,55
497,56
497,57
497,58
497,59
497,60
497,61
497,70
497,71
497,72
497,96
497,97
497,98
498,24
498,25
498,26
498,47
498,48
498,49
498,52
498,53
498,54
498,55
498,56
498,57
498,58
498,59
498,60
498,61
498,72
498,73
498,74
498,92
498,93
498,94
499,22
499,23
499,24
499,27
499,28
499,29
499,47
499,48
499,49
499,52
499,53
499,54
499,55
499,56
499,57
499,58
499,59
499,60
499,61
499,72
499,73
499,74
499,92
499,93
499,94
500,6
500,7
500,8
500,9
500,10
500,11
500,12
500,13
500,14
500,15
500,16
500,17
500,18
500,19
500,20
500,22
500,23
500,24
500,27
500,28
500,29
500,52
500,53
500,54
500,55
500,56
500,57
500,58
500,59
500,60
500,61
500,91
500,92
500,93
500,94
500,95
500,96
501,6
501,7
501,8
501,9
501,10
501,11
501,12
501,13
501,14
501,15
501,16
501,17
501,18
501,19
501,20
501,21
501,22
501,23
501,24
501,25
501,26
501,27
501,28
501,29
501,49
501,50
501,51
501,52
501,53
501,54
501,55
501,56
501,57
501,58
501,59
501,60
501,61
501,76
501,77
501,78
501,79
501,80
501,81
501,82
501,83
501,84
501,85
501,86
501,87
501,88
501,89
501,90
501,91
501,92
501,93
501,94
501,95
501,96
502,0
502,1
502,2
502,6
502,7
502,8
502,9
502,10
502,11
502,12
502,13
502,14
502,15
502,16
502,17
502,18
502,19
502,20
502,21
502,22
502,23
502,24
502,25
502,26
502,27
502,28
502,29
502,46
502,47
502,48
502,49
502,50
502,51
502,76
502,77
502,78
502,79
502,80
502,81
502,82
502,83
502,84
502,85
502,86
502,87
502,88
502,89
502,90
503,0
503,1
503,2
503,46
503,47
503,48
503,73
503,74
503,75
503,76
503,77
503,78
503,79
503,80
503,81
503,82
503,83
503,84
503,85
503,86
503,87
503,88
503,89
503,90
504,73
504,74
504,75
504,76
504,77
504,78
504,79
504,80
504,81
504,82
504,83
504,84
504,85
504,86
504,87
504,88
504,89
504,90
504,95
504,96
504,97
505,0
505,1
505,2
505,10
505,11
505,12
505,13
505,14
505,15
505,16
505,17
505,18
505,19
505,42
505,43
505,44
505,45
505,46
505,47
505,52
505,53
505,54
505,55
505,56
505,57
505,58
505,59
505,60
505,61
505,62
505,63
505,64
505,65
505,66
505,67
505,68
505,69
505,76
505,77
505,78
505,79
505,80
505,81
505,82
505,83
505,84
505,85
505,86
505,87
505,88
505,89
505,90
505,95
505,96
505,97
506,0
506,1
506,2
506,10
506,11
506,12
506,13
506,14
506,15
506,16
506,17
506,18
506,19
506,42
506,43
506,44
506,45
506,46
506,47
506,52
506,53
506,54
506,55
506,56
506,57
506,58
506,59
506,60
506,61
506,62
506,63
506,64
506,65
506,66
506,67
506,68
506,69
506,70
506,71
506,72
506,76
506,77
506,78
506,79
506,80
506,81
506,82
506,83
506,84
506,85
506,86
506,87
506,88
506,89
506,90
507,10
507,11
507,12
507,13
507,14
507,15
507,16
507,17
507,18
507,19
507,24
507,25
507,26
507,52
507,53
507,54
507,55
507,56
507,57
507,58
507,59
507,60
507,61
507,62
507,63
507,64
507,65
507,66
507,70
507,71
507,72
507,91
507,92
507,93
508,10
508,11
508,12
508,13
508,14
508,15
508,16
508,17
508,18
508,19
508,24
508,25
508,26
508,47
508,48
508,49
508,72
508,73
508,74
508,91
508,92
508,93
509,10
509,11
509,12
509,13
509,14
509,15
509,16
509,17
509,18
509,19
509,27
509,28
509,29
509,47
509,48
509,49
509,72
509,73
509,74
510,5
510,6
510,7
510,8
510,9
510,10
510,11
510,12
510,13
510,14
510,15
510,16
510,17
510,18
510,19
510,27
510,28
510,29
510,67
510,68
510,69
510,91
510,92
510,93
510,94
510,95
510,96
511,5
511,6
511,7
511,8
511,9
511,10
511,11
511,12
511,13
511,14
511,15
511,16
511,17
511,18
511,19
511,24
511,25
511,26
511,27
511,28
511,29
511,52
511,53
511,54
511,55
511,56
511,57
511,58
511,59
511,60
511,61
511,62
511,63
511,64
511,65
511,66
511,67
511,68
511,69
511,91
511,92
511,93
511,94
511,95
511,96
512,0
512,1
512,2
512,5
512,6
512,7
512,8
512,9
512,10
512,11
512,12
512,13
512,14
512,15
512,16
512,17
512,18
512,19
512,24
512,25
512,26
512,27
512,28
512,29
512,46
512,47
512,48
512,52
512,53
512,54
512,55
512,56
512,57
512,58
512,59
512,60
512,61
512,62
512,63
512,64
512,65
512,66
513,0
513,1
513,2
513,6
513,7
513,8
513,9
513,10
513,11
513,12
513,13
513,14
513,15
513,16
513,17
513,18
513,19
513,20
513,46
513,47
513,48
513,52
513,53
513,54
513,55
513,56
513,57
513,58
513,59
513,60
513,61
513,62
513,63
513,64
513,65
513,66
513,73
513,74
513,75
513,76
513,77
513,78
513,79
513,80
513,81
513,82
513,83
513,84
513,85
513,86
513,87
513,88
513,89
513,90
514,6
514,7
514,8
514,9
514,10
514,11
514,12
514,13
514,14
514,15
514,16
514,17
514,18
514,19
514,20
514,73
514,74
514,75
514,76
514,77
514,78
514,79
514,80
514,81
514,82
514,83
514,84
514,85
514,86
514,87
514,88
514,89
514,90
514,95
514,96
514,97
515,0
515,1
515,2
515,6
515,7
515,8
515,9
515,10
515,11
515,12
515,13
515,14
515,15
515,16
515,17
515,18
515,19
515,20
515,30
515,31
515,32
515,33
515,34
515,35
515,36
515,37
515,38
515,39
515,42
515,43
515,44
515,45
515,46
515,47
515,67
515,68
515,69
515,76
515,77
515,78
515,79
515,80
515,81
515,82
515,83
515,84
515,85
515,86
515,87
515,88
515,89
515,90
515,95
515,96
515,97
516,0
516,1
516,2
516,30
516,31
516,32
516,33
516,34
516,35
516,36
516,37
516,38
516,39
516,42
516,43
516,44
516,45
516,46
516,47
516,52
516,53
516,54
516,55
516,56
516,57
516,58
516,59
516,60
516,61
516,67
516,68
516,69
517,24
517,25
517,26
517,30
517,31
517,32
517,33
517,34
517,35
517,36
517,37
517,38
517,39
517,52
517,53
517,54
517,55
517,56
517,57
517,58
517,59
517,60
517,61
517,91
517,92
517,93
518,24
518,25
518,26
518,30
518,31
518,32
518,33
518,34
518,35
518,36
518,37
518,38
518,39
518,47
518,48
518,49
518,52
518,53
518,54
518,55
518,56
518,57
518,58
518,59
518,60
518,61
518,91
518,92
518,93
519,27
519,28
519,29
519,30
519,31
519,32
519,33
519,34
519,35
519,36
519,37
519,38
519,39
519,47
519,48
519,49
519,52
519,53
519,54
519,55
519,56
519,57
519,58
519,59
519,60
519,61
520,27
520,28
520,29
520,30
520,31
520,32
520,33
520,34
520,35
520,36
520,37
520,38
520,39
520,40
520,41
520,42
520,43
520,44
520,52
520,53
520,54
520,55
520,56
520,57
520,58
520,59
520,60
520,61
520,67
520,68
520,69
520,91
520,92
520,93
520,94
520,95
520,96
521,24
521,25
521,26
521,27
521,28
521,29
521,30
521,31
521,32
521,33
521,34
521,35
521,36
521,37
521,38
521,39
521,40
521,41
521,42
521,43
521,44
521,67
521,68
521,69
521,91
521,92
521,93
521,94
521,95
521,96
522,0
522,1
522,2
522,24
522,25
522,26
522,27
522,28
522,29
522,30
522,31
522,32
522,33
522,34
522,35
522,36
522,37
522,38
522,39
522,40
522,41
522,42
522,43
522,44
522,46
522,47
522,48
523,0
523,1
523,2
523,46
523,47
523,48
523,73
523,74
523,75
524,73
524,74
524,75
524,95
524,96
524,97
525,0
525,1
525,2
525,27
525,28
525,29
525,45
525,46
525,47
525,67
525,68
525,69
525,95
525,96
525,97
526,0
526,1
526,2
526,27
526,28
526,29
526,45
526,46
526,47
526,67
526,68
526,69
527,24
527,25
527,26
527,91
527,92
527,93
528,21
528,22
528,23
528,24
528,25
528,26
528,47
528,48
528,49
528,50
528,51
528,52
528,53
528,54
528,55
528,56
528,57
528,58
528,59
528,60
528,61
528,62
528,63
528,64
528,91
528,92
528,93
529,21
529,22
529,23
529,27
529,28
529,29
529,47
529,48
529,49
529,50
529,51
529,52
529,53
529,54
529,55
529,56
529,57
529,58
529,59
529,60
529,61
529,62
529,63
529,64
530,27
530,28
530,29
530,50
530,51
530,52
530,53
530,54
530,55
530,56
530,57
530,58
530,59
530,60
530,61
530,62
530,63
530,64
530,67
530,68
530,69
530,91
530,92
530,93
530,94
530,95
530,96
531,24
531,25
531,26
531,27
531,28
531,29
531,67
531,68
531,69
531,71
531,72
531,73
531,91
531,92
531,93
531,94
531,95
531,96
532,0
532,1
532,2
532,24
532,25
532,26
532,27
532,28
532,29
532,46
532,47
532,48
532,71
532,72
532,73
533,0
533,1
533,2
533,30
533,31
533,32
533,33
533,34
533,35
533,36
533,37
533,38
533,39
533,40
533,41
533,42
533,43
533,44
533,46
533,47
533,48
533,73
533,74
533,75
534,30
534,31
534,32
534,33
534,34
534,35
534,36
534,37
534,38
534,39
534,40
534,41
534,42
534,43
534,44
534,73
534,74
534,75
534,95
534,96
534,97
535,27
535,28
535,29
535,30
535,31
535,32
535,33
535,34
535,35
535,36
535,37
535,38
535,39
535,40
535,41
535,42
535,43
535,44
535,45
535,46
535,47
535,67
535,68
535,69
535,95
535,96
535,97
536,27
536,28
536,29
536,45
536,46
536,47
536,67
536,68
536,69
537,24
537,25
537,26
537,91
537,92
537,93
538,3
538,4
538,5
538,6
538,7
538,8
538,9
538,10
538,11
538,12
538,13
538,14
538,15
538,16
538,17
538,21
538,22
538,23
538,24
538,25
538,26
538,47
538,48
538,49
538,91
538,92
538,93
539,3
539,4
539,5
539,6
539,7
539,8
539,9
539,10
539,11
539,12
539,13
539,14
539,15
539,16
539,17
539,21
539,22
539,23
539,27
539,28
539,29
539,47
539,48
539,49
540,3
540,4
540,5
540,6
540,7
540,8
540,9
540,10
540,11
540,12
540,13
540,14
540,15
540,16
540,17
540,27
540,28
540,29
540,67
540,68
540,69
540,91
540,92
540,93
541,24
541,25
541,26
541,27
541,28
541,29
541,67
541,68
541,69
541,71
541,72
541,73
541,91
541,92
541,93
542,0
542,1
542,2
542,24
542,25
542,26
542,27
542,28
542,29
542,46
542,47
542,48
542,71
542,72
542,73
543,0
543,1
543,2
543,6
543,7
543,8
543,9
543,10
543,11
543,12
543,13
543,14
543,15
543,16
543,17
543,18
543,19
543,20
543,46
543,47
543,48
543,73
543,74
543,75
544,6
544,7
544,8
544,9
544,10
544,11
544,12
544,13
544,14
544,15
544,16
544,17
544,18
544,19
544,20
544,73
544,74
544,75
544,76
544,77
544,78
544,79
544,80
544,81
544,82
544,83
544,84
544,85
544,86
544,87
544,88
544,89
544,90
544,95
544,96
544,97
545,6
545,7
545,8
545,9
545,10
545,11
545,12
545,13
545,14
545,15
545,16
545,17
545,18
545,19
545,20
545,27
545,28
545,29
545,30
545,31
545,32
545,33
545,34
545,35
545,36
545,37
545,38
545,39
545,45
545,46
545,47
545,67
545,68
545,69
545,76
545,77
545,78
545,79
545,80
545,81
545,82
545,83
545,84
545,85
545,86
545,87
545,88
545,89
545,90
545,95
545,96
545,97
546,27
546,28
546,29
546,30
546,31
546,32
546,33
546,34
546,35
546,36
546,37
546,38
546,39
546,45
546,46
546,47
546,67
546,68
546,69
546,76
546,77
546,78
546,79
546,80
546,81
546,82
546,83
546,84
546,85
546,86
546,87
546,88
546,89
546,90
547,24
547,25
547,26
547,30
547,31
547,32
547,33
547,34
547,35
547,36
547,37
547,38
547,39
547,91
547,92
547,93
548,21
548,22
548,23
548,24
548,25
548,26
548,30
548,31
548,32
548,33
548,34
548,35
548,36
548,37
548,38
548,39
548,47
548,48
548,49
548,52
548,53
548,54
548,55
548,56
548,57
548,58
548,59
548,60
548,61
548,62
548,63
548,64
548,65
548,66
548,91
548,92
548,93
549,21
549,22
549,23
549,27
549,28
549,29
549,30
549,31
549,32
549,33
549,34
549,35
549,36
549,37
549,38
549,39
549,47
549,48
549,49
549,52
549,53
549,54
549,55
549,56
549,57
549,58
549,59
549,60
549,61
549,62
549,63
549,64
549,65
549,66
550,27
550,28
550,29
550,52
550,53
550,54
550,55
550,56
550,57
550,58
550,59
550,60
550,61
550,62
550,63
550,64
550,65
550,66
550,67
550,68
550,69
550,75
550,76
550,77
550,78
550,79
550,80
550,81
550,82
550,83
550,84
550,91
550,92
550,93
551,24
551,25
551,26
551,27
551,28
551,29
551,67
551,68
551,69
551,71
551,72
551,73
551,75
551,76
551,77
551,78
551,79
551,80
551,81
551,82
551,83
551,84
551,91
551,92
551,93
552,0
552,1
552,2
552,24
552,25
552,26
552,27
552,28
552,29
552,46
552,47
552,48
552,71
552,72
552,73
552,75
552,76
552,77
552,78
552,79
552,80
552,81
552,82
552,83
552,84
553,0
553,1
553,2
553,5
553,6
553,7
553,8
553,9
553,10
553,11
553,12
553,13
553,14
553,15
553,16
553,17
553,18
553,19
553,46
553,47
553,48
553,75
553,76
553,77
553,78
553,79
553,80
553,81
553,82
553,83
553,84
554,5
554,6
554,7
554,8
554,9
554,10
554,11
554,12
554,13
554,14
554,15
554,16
554,17
554,18
554,19
554,52
554,53
554,54
554,55
554,56
554,57
554,58
554,59
554,60
554,61
554,62
554,63
554,64
554,65
554,66
554,75
554,76
554,77
554,78
554,79
554,80
554,81
554,82
554,83
554,84
554,95
554,96
554,97
555,5
555,6
555,7
555,8
555,9
555,10
555,11
555,12
555,13
555,14
555,15
555,16
555,17
555,18
555,19
555,27
555,28
555,29
555,45
555,46
555,47
555,52
555,53
555,54
555,55
555,56
555,57
555,58
555,59
555,60
555,61
555,62
555,63
555,64
555,65
555,66
555,67
555,68
555,69
555,95
555,96
555,97
556,27
556,28
556,29
556,45
556,46
556,47
556,52
556,53
556,54
556,55
556,56
556,57
556,58
556,59
556,60
556,61
556,62
556,63
556,64
556,65
556,66
556,67
556,68
556,69
556,76
556,77
556,78
556,79
556,80
556,81
556,82
556,83
556,84
556,85
556,86
556,87
556,88
556,89
556,90
557,24
557,25
557,26
557,76
557,77
557,78
557,79
557,80
557,81
557,82
557,83
557,84
557,85
557,86
557,87
557,88
557,89
557,90
557,91
557,92
557,93
558,21
558,22
558,23
558,24
558,25
558,26
558,47
558,48
558,49
558,76
558,77
558,78
558,79
558,80
558,81
558,82
558,83
558,84
558,85
558,86
558,87
558,88
558,89
558,90
558,91
558,92
558,93
559,21
559,22
559,23
559,27
559,28
559,29
559,47
559,48
559,49
560,27
560,28
560,29
560,67
560,68
560,69
560,91
560,92
560,93
561,27
561,28
561,29
561,67
561,68
561,69
561,71
561,72
561,73
561,91
561,92
561,93
562,0
562,1
562,2
562,27
562,28
562,29
562,46
562,47
562,48
562,52
562,53
562,54
562,55
562,56
562,57
562,58
562,59
562,60
562,61
562,71
562,72
562,73
563,0
563,1
563,2
563,30
563,31
563,32
563,33
563,34
563,35
563,36
563,37
563,38
563,39
563,40
563,41
563,42
563,43
563,44
563,46
563,47
563,48
563,52
563,53
563,54
563,55
563,56
563,57
563,58
563,59
563,60
563,61
564,30
564,31
564,32
564,33
564,34
564,35
564,36
564,37
564,38
564,39
564,40
564,41
564,42
564,43
564,44
564,52
564,53
564,54
564,55
564,56
564,57
564,58
564,59
564,60
564,61
564,95
564,96
564,97
565,27
565,28
565,29
565,30
565,31
565,32
565,33
565,34
565,35
565,36
565,37
565,38
565,39
565,40
565,41
565,42
565,43
565,44
565,52
565,53
565,54
565,55
565,56
565,57
565,58
565,59
565,60
565,61
565,67
565,68
565,69
565,95
565,96
565,97
566,27
566,28
566,29
566,52
566,53
566,54
566,55
566,56
566,57
566,58
566,59
566,60
566,61
566,67
566,68
566,69
567,24
567,25
567,26
567,91
567,92
567,93
568,21
568,22
568,23
568,24
568,25
568,26
568,47
568,48
568,49
568,91
568,92
568,93
569,21
569,22
569,23
569,27
569,28
569,29
569,47
569,48
569,49
570,27
570,28
570,29
570,67
570,68
570,69
571,50
571,51
571,52
571,53
571,54
571,55
571,56
571,57
571,58
571,59
571,60
571,61
571,62
571,63
571,64
571,67
571,68
571,69
571,71
571,72
571,73
572,0
572,1
572,2
572,46
572,47
572,48
572,50
572,51
572,52
572,53
572,54
572,55
572,56
572,57
572,58
572,59
572,60
572,61
572,62
572,63
572,64
572,71
572,72
572,73
573,0
573,1
573,2
573,46
573,47
573,48
573,50
573,51
573,52
573,53
573,54
573,55
573,56
573,57
573,58
573,59
573,60
573,61
573,62
573,63
573,64
574,95
574,96
574,97
575,27
575,28
575,29
575,95
575,96
575,97
576,27
576,28
576,29
576,30
576,31
576,32
576,33
576,34
576,35
576,36
576,37
576,38
576,39
576,40
576,41
576,42
576,43
576,44
577,24
577,25
577,26
577,30
577,31
577,32
577,33
577,34
577,35
577,36
577,37
577,38
577,39
577,40
577,41
577,42
577,43
577,44
577,91
577,92
577,93
578,21
578,22
578,23
578,24
578,25
578,26
578,30
578,31
578,32
578,33
578,34
578,35
578,36
578,37
578,38
578,39
578,40
578,41
578,42
578,43
578,44
578,47
578,48
578,49
578,91
578,92
578,93
579,21
579,22
579,23
579,47
579,48
579,49
580,67
580,68
580,69
581,3
581,4
581,5
581,6
581,7
581,8
581,9
581,10
581,11
581,12
581,13
581,14
581,15
581,16
581,17
581,52
581,53
581,54
581,55
581,56
581,57
581,58
581,59
581,60
581,61
581,67
581,68
581,69
581,71
581,72
581,73
582,0
582,1
582,2
582,3
582,4
582,5
582,6
582,7
582,8
582,9
582,10
582,11
582,12
582,13
582,14
582,15
582,16
582,17
582,46
582,47
582,48
582,52
582,53
582,54
582,55
582,56
582,57
582,58
582,59
582,60
582,61
582,71
582,72
582,73
583,0
583,1
583,2
583,3
583,4
583,5
583,6
583,7
583,8
583,9
583,10
583,11
583,12
583,13
583,14
583,15
583,16
583,17
583,46
583,47
583,48
583,52
583,53
583,54
583,55
583,56
583,57
583,58
583,59
583,60
583,61
584,52
584,53
584,54
584,55
584,56
584,57
584,58
584,59
584,60
584,61
584,95
584,96
584,97
585,27
585,28
585,29
585,52
585,53
585,54
585,55
585,56
585,57
585,58
585,59
585,60
585,61
585,95
585,96
585,97
586,6
586,7
586,8
586,9
586,10
586,11
586,12
586,13
586,14
586,15
586,16
586,17
586,18
586,19
586,20
586,27
586,28
586,29
587,6
587,7
587,8
587,9
587,10
587,11
587,12
587,13
587,14
587,15
587,16
587,17
587,18
587,19
587,20
587,24
587,25
587,26
587,91
587,92
587,93
588,6
588,7
588,8
588,9
588,10
588,11
588,12
588,13
588,14
588,15
588,16
588,17
588,18
588,19
588,20
588,21
588,22
588,23
588,24
588,25
588,26
588,47
588,48
588,49
588,91
588,92
588,93
589,21
589,22
589,23
589,47
589,48
589,49
590,67
590,68
590,69
591,52
591,53
591,54
591,55
591,56
591,57
591,58
591,59
591,60
591,61
591,62
591,63
591,64
591,65
591,66
591,67
591,68
591,69
591,71
591,72
591,73
592,0
592,1
592,2
592,46
592,47
592,48
592,52
592,53
592,54
592,55
592,56
592,57
592,58
592,59
592,60
592,61
592,62
592,63
592,64
592,65
592,66
592,71
592,72
592,73
593,0
593,1
593,2
593,46
593,47
593,48
593,52
593,53
593,54
593,55
593,56
593,57
593,58
593,59
593,60
593,61
593,62
593,63
593,64
593,65
593,66
594,95
594,96
594,97
595,27
595,28
595,29
595,95
595,96
595,97
596,27
596,28
596,29
597,24
597,25
597,26
597,91
597,92
597,93
598,21
598,22
598,23
598,24
598,25
598,26
598,91
598,92
598,93
599,21
599,22
599,23
600,67
600,68
600,69
601,67
601,68
601,69
601,71
601,72
601,73
602,46
602,47
602,48
602,71
602,72
602,73
603,46
603,47
603,48
605,27
605,28
605,29
606,27
606,28
606,29
606,30
606,31
606,32
606,33
606,34
606,35
606,36
606,37
606,38
606,39
606,40
606,41
606,42
606,43
606,44
607,24
607,25
607,26
607,30
607,31
607,32
607,33
607,34
607,35
607,36
607,37
607,38
607,39
607,40
607,41
607,42
607,43
607,44
607,91
607,92
607,93
608,21
608,22
608,23
608,24
608,25
608,26
608,30
608,31
608,32
608,33
608,34
608,35
608,36
608,37
608,38
608,39
608,40
608,41
608,42
608,43
608,44
608,91
608,92
608,93
609,21
609,22
609,23
610,67
610,68
610,69
611,67
611,68
611,69
611,71
611,72
611,73
612,71
612,72
612,73
614,50
614,51
614,52
614,53
614,54
614,55
614,56
614,57
614,58
614,59
614,60
614,61
614,62
614,63
614,64
615,27
615,28
615,29
615,50
615,51
615,52
615,53
615,54
615,55
615,56
615,57
615,58
615,59
615,60
615,61
615,62
615,63
615,64
615,75
615,76
615,77
615,78
615,79
615,80
615,81
615,82
615,83
615,84
616,27
616,28
616,29
616,50
616,51
616,52
616,53
616,54
616,55
616,56
616,57
616,58
616,59
616,60
616,61
616,62
616,63
616,64
616,75
616,76
616,77
616,78
616,79
616,80
616,81
616,82
616,83
616,84
617,75
617,76
617,77
617,78
617,79
617,80
617,81
617,82
617,83
617,84
617,91
617,92
617,93
618,21
618,22
618,23
618,75
618,76
618,77
618,78
618,79
618,80
618,81
618,82
618,83
618,84
618,91
618,92
618,93
619,21
619,22
619,23
619,75
619,76
619,77
619,78
619,79
619,80
619,81
619,82
619,83
619,84
620,67
620,68
620,69
621,67
621,68
621,69
621,71
621,72
621,73
622,71
622,72
622,73
624,3
624,4
624,5
624,6
624,7
624,8
624,9
624,10
624,11
624,12
624,13
624,14
624,15
624,16
624,17
625,3
625,4
625,5
625,6
625,7
625,8
625,9
625,10
625,11
625,12
625,13
625,14
625,15
625,16
625,17
625,27
625,28
625,29
626,3
626,4
626,5
626,6
626,7
626,8
626,9
626,10
626,11
626,12
626,13
626,14
626,15
626,16
626,17
626,27
626,28
626,29
628,21
628,22
628,23
629,21
629,22
629,23
631,71
631,72
631,73
632,71
632,72
632,73
635,27
635,28
635,29
636,27
636,28
636,29
638,21
638,22
638,23
639,21
639,22
639,23
641,71
641,72
641,73
642,71
642,72
642,73
